DATE_TIME,PLANT_ID,DC_POWER,AC_POWER,DAILY_YIELD,TOTAL_YIELD,SOURCE_KEY,AMBIENT_TEMPERATURE,MODULE_TEMPERATURE,IRRADIATION,HOUR,AC_POWER_PREDICTED,ERROR,ABS_ERROR,FAULT_FLAG
2020-05-15 09:00:00,4135001,165598.892858,16211.35,16593.1785714,7603719.5,HmiyD2TTLFNqkNe,27.6209698,45.0092326,0.6231526486666666,9,17832.56413955244,-1621.2141395524395,1621.2141395524395,True
2020-05-15 10:00:00,4135001,183026.214283,17896.7982142,29346.7321444,7604287.0,HmiyD2TTLFNqkNe,28.632191866666663,52.5477356,0.670675372,10,19389.821750280553,-1493.0235360805527,1493.0235360805527,True
2020-05-15 11:15:00,4135001,160301.22619000002,15683.7136904,47752.761904,7605024.875,HmiyD2TTLFNqkNe,30.21606228571428,50.006988571428565,0.5857872135714286,11,16991.76524685528,-1308.0515564552807,1308.0515564552807,True
2020-05-15 11:45:00,4135001,167668.196427,16401.5892857,55271.107142,7605370.625,HmiyD2TTLFNqkNe,30.811049333333333,47.8363832,0.4679868693333333,11,13725.039324610003,2676.549961089997,2676.549961089997,True
2020-05-15 12:15:00,4135001,209569.398819,20477.0178565,63932.303572,7605775.875,HmiyD2TTLFNqkNe,31.50729773333333,49.84449266666666,0.7878660286666666,12,22437.59426975293,-1960.576413252933,1960.576413252933,True
2020-05-16 10:00:00,4135001,161620.160715,15823.0624999,33606.303571,7610614.5,HmiyD2TTLFNqkNe,27.611354533333337,46.072651933333326,0.491453022,10,14311.680260257628,1511.3822396423711,1511.3822396423711,True
2020-05-16 10:15:00,4135001,156988.035715,15370.6178572,37151.339286,7610776.857,HmiyD2TTLFNqkNe,27.93121328571429,44.468571,0.4697288307142857,10,13663.440137150377,1707.1777200496235,1707.1777200496235,True
2020-05-16 10:30:00,4135001,206873.089291,20231.7249999,41729.910714,7610982.857,HmiyD2TTLFNqkNe,28.2829874,48.962665,0.654436842,10,18819.587018684622,1412.137981215379,1412.137981215379,True
2020-05-16 13:15:00,4135001,233783.17858,22843.682144,93901.625,7613385.625,HmiyD2TTLFNqkNe,31.66299653333333,52.0534832,0.7332435986666667,13,21041.11419960458,1802.5679443954177,1802.5679443954177,True
2020-05-17 10:30:00,4135001,225160.44644,21990.9107148,50157.589286,7617804.0,HmiyD2TTLFNqkNe,30.158901066666665,50.718400200000005,0.685881602,10,19724.9566203596,2265.9540944404,2265.9540944404,True
2020-05-17 11:15:00,4135001,277243.94643,27034.6321414,68351.964285,7618637.75,HmiyD2TTLFNqkNe,31.53113,60.208569533333325,0.997903636,11,28499.83428655731,-1465.2021451573091,1465.2021451573091,True
2020-05-17 11:30:00,4135001,268838.82143,26224.062501,75207.964286,7618948.571,HmiyD2TTLFNqkNe,32.317808071428566,63.145581571428565,0.97745754,11,28052.521046831167,-1828.4585458311667,1828.4585458311667,True
2020-05-17 11:45:00,4135001,236420.660706,23074.4815471,81300.02976,7619234.0,HmiyD2TTLFNqkNe,32.5278644,61.80199160000001,0.869908956,11,25095.495508245687,-2021.013961145687,2021.013961145687,True
2020-05-17 12:30:00,4135001,183652.232143,17951.9339283,96224.946429,7619910.857,HmiyD2TTLFNqkNe,33.10833713333334,56.4158632,0.6696705126666667,12,19479.962944476953,-1528.0290161769517,1528.0290161769517,True
2020-05-17 12:45:00,4135001,230469.857144,22497.8178564,101040.589286,7620146.875,HmiyD2TTLFNqkNe,33.64918780000001,56.556677533333335,0.8371243526666667,12,24007.1458961449,-1509.328039744898,1509.328039744898,True
2020-05-17 14:45:00,4135001,209780.767856,20508.2392859,133314.035715,7621622.857,HmiyD2TTLFNqkNe,34.147082733333335,47.63582766666666,0.6598271179999999,14,18878.699517703822,1629.5397681961767,1629.5397681961767,True
2020-05-18 10:45:00,4135001,124139.857143,12167.5482142,18590.8392858,7623911.286,HmiyD2TTLFNqkNe,24.324541357142856,32.964675928571424,0.374390925,10,10678.158788040564,1489.389426159436,1489.389426159436,True
2020-05-18 11:00:00,4135001,141221.107143,13834.6339287,21978.9999989,7624064.125,HmiyD2TTLFNqkNe,24.86980793333333,37.53728039999999,0.4349046853333333,11,12478.585763206152,1356.0481654938467,1356.0481654938467,True
2020-05-18 11:15:00,4135001,156460.589286,15321.2107143,25559.053573,7624225.571,HmiyD2TTLFNqkNe,25.1295838,39.552423133333335,0.4847505873333333,11,13899.020869116317,1422.1898451836823,1422.1898451836823,True
2020-05-18 11:45:00,4135001,136059.321432,13330.3035716,31911.571428,7624510.714,HmiyD2TTLFNqkNe,25.215167266666665,37.6112162,0.4148831933333333,11,11938.58568575335,1391.7178858466486,1391.7178858466486,True
2020-05-18 12:00:00,4135001,179929.214286,17608.1660714,35695.57143,7624669.571,HmiyD2TTLFNqkNe,25.70663053333333,41.3690166,0.5623129906666666,12,16057.5261288664,1550.6399425335985,1550.6399425335985,True
2020-05-18 13:30:00,4135001,249168.625,24320.0875,64046.482142,7625945.286,HmiyD2TTLFNqkNe,27.371873,49.5876018,0.8068469279999999,13,22960.089988195006,1359.9975118049952,1359.9975118049952,True
2020-05-19 16:30:00,4135001,82900.875,8135.7125,118021.25,7634910.5,HmiyD2TTLFNqkNe,29.6577312,39.18270073333333,0.3286678413333333,16,9635.546784702383,-1499.8342847023832,1499.8342847023832,True
2020-05-21 07:45:00,4135001,76297.85,7494.9,6938.85,7644308.8,HmiyD2TTLFNqkNe,23.530553636363635,30.40324263636364,0.3223960490909091,7,9187.632352924487,-1692.7323529244877,1692.7323529244877,True
2020-05-21 10:00:00,4135001,133977.304762,13093.902857,30325.000001,7645855.857,HmiyD2TTLFNqkNe,28.20780033333333,53.51720186666666,0.70056636,10,20235.679999403157,-7141.777142403158,7141.777142403158,True
2020-05-21 10:30:00,4135001,211775.964282,20682.8089286,48818.767856,7646196.286,HmiyD2TTLFNqkNe,28.657090266666668,51.68042806666666,0.8154269713333333,10,23268.73407410532,-2585.92514550532,2585.92514550532,True
2020-05-21 11:00:00,4135001,227503.428562,22215.9053556,59507.500002,7646694.571,HmiyD2TTLFNqkNe,29.207837,53.292307533333336,0.7235343293333333,11,20840.992239133786,1374.913116466214,1374.913116466214,True
2020-05-21 11:15:00,4135001,281954.94642,27497.275,65851.678572,7647005.125,HmiyD2TTLFNqkNe,29.59773042857143,56.443897500000006,1.0389913628571428,11,29479.966361807026,-1982.6913618070248,1982.6913618070248,True
2020-05-21 11:30:00,4135001,274796.82142,26801.030357,72592.392858,7647321.286,HmiyD2TTLFNqkNe,30.12836306666667,61.4558144,1.033489496666667,11,29514.868083930927,-2713.8377269309276,2713.8377269309276,True
2020-05-21 12:00:00,4135001,235841.267845,23022.4178581,85333.625,7647888.0,HmiyD2TTLFNqkNe,30.676135400000003,57.4164388,0.892777234,12,25557.984071013252,-2535.5662129132506,2535.5662129132506,True
2020-05-21 12:15:00,4135001,246090.28572,24017.639286,91316.285714,7648157.5,HmiyD2TTLFNqkNe,30.804624466666667,58.6477848,0.8879575373333333,12,25472.861639061575,-1455.2223530615738,1455.2223530615738,True
2020-05-21 13:45:00,4135001,237779.071417,23206.0321439,124927.535714,7649640.75,HmiyD2TTLFNqkNe,31.688391,55.696510800000006,0.8612832686666666,13,24636.080009721783,-1430.0478658217835,1430.0478658217835,True
2020-05-21 14:30:00,4135001,155589.946428,15224.6696429,139579.089288,7650270.375,HmiyD2TTLFNqkNe,31.819928,47.850404733333335,0.4585606919999999,14,13460.169265856253,1764.500377043747,1764.500377043747,True
2020-05-22 10:15:00,4135001,207550.821417,20271.2517856,35857.196429,7653270.75,HmiyD2TTLFNqkNe,27.87740473333333,42.96753940000001,0.63854485,10,18169.435327544124,2101.816458055877,2101.816458055877,True
2020-05-22 10:45:00,4135001,185545.178571,18134.6500001,43523.214285,7653618.143,HmiyD2TTLFNqkNe,28.069488466666662,42.7483944,0.7091465493333333,10,20068.013123622302,-1933.3631235223038,1933.3631235223038,True
2020-05-22 11:45:00,4135001,275556.55357,26879.828571,64758.017857,7654577.0,HmiyD2TTLFNqkNe,30.58406566666667,60.62906306666667,1.0477749826666665,11,29867.828261682265,-2987.999690682267,2987.999690682267,True
2020-05-22 12:00:00,4135001,283826.625,27677.362499000003,71682.357142,7654902.25,HmiyD2TTLFNqkNe,30.824835714285715,62.21209042857143,1.0318606821428573,12,29493.568391359266,-1816.205892359263,1816.205892359263,True
2020-05-22 12:15:00,4135001,221449.339293,21636.85,77724.357143,7655172.571,HmiyD2TTLFNqkNe,30.752172866666665,57.925577800000006,0.8117554566666667,12,23387.264138114333,-1750.4141381143345,1750.4141381143345,True
2020-05-22 12:30:00,4135001,207784.178565,20300.3875002,82999.232142,7655403.25,HmiyD2TTLFNqkNe,30.91771053333333,54.40039266666666,0.7624467326666666,12,21923.062690880924,-1622.6751906809259,1622.6751906809259,True
2020-05-22 12:45:00,4135001,248848.678574,24282.6250013,88505.214285,7655628.286,HmiyD2TTLFNqkNe,31.41328526666667,55.89338740000001,0.917253122,12,26158.986794657183,-1876.361793357184,1876.361793357184,True
2020-05-23 10:45:00,4135001,216072.571427,21100.9803576,55557.732141,7661311.286,HmiyD2TTLFNqkNe,28.60254713333333,49.08473493333334,0.8168375646666667,10,23210.66012370454,-2109.6797661045384,2109.6797661045384,True
2020-05-23 12:15:00,4135001,292463.33928,28516.901786,94647.714285,7663076.125,HmiyD2TTLFNqkNe,31.26550906666667,63.34182940000001,1.112296618,12,31706.739120129758,-3189.8373341297593,3189.8373341297593,True
2020-05-23 12:30:00,4135001,262909.53572,25656.232141,101514.071429,7663400.143,HmiyD2TTLFNqkNe,31.12965493333333,65.54571366666664,0.954939324,12,27537.45020101744,-1881.2180600174397,1881.2180600174397,True
2020-05-23 13:45:00,4135001,275449.71428,26860.405357,131243.410715,7664742.875,HmiyD2TTLFNqkNe,32.819391,62.57647933333334,0.9900849466666666,13,28366.31306728978,-1505.907710289779,1505.907710289779,True
2020-05-23 15:15:00,4135001,166923.160714,16339.4160715,157866.517857,7665933.429,HmiyD2TTLFNqkNe,32.6603392,46.35074433333333,0.485598238,15,14128.879879927841,2210.5361915721587,2210.5361915721587,True
2020-05-24 09:15:00,4135001,151049.107144,14791.325,25102.125,7668377.714,HmiyD2TTLFNqkNe,27.404044666666664,41.316923333333335,0.4188771033333333,9,12176.803245216448,2614.5217547835528,2614.5217547835528,True
2020-05-24 09:30:00,4135001,179945.374999,17605.9589287,29390.303573,7668582.75,HmiyD2TTLFNqkNe,27.864129466666668,43.693817200000005,0.56387132,9,16180.626407484298,1425.3325212157033,1425.3325212157033,True
2020-05-24 09:45:00,4135001,138602.357143,13575.3571429,33331.125,7668764.571,HmiyD2TTLFNqkNe,27.86592971428571,42.949353714285714,0.51719428,9,14891.70956718909,-1316.352424289089,1316.352424289089,True
2020-05-24 10:15:00,4135001,186227.107147,18202.8107142,40833.75,7669095.429,HmiyD2TTLFNqkNe,28.488832533333333,43.78831386666667,0.585474618,10,16762.842244554948,1439.9684696450531,1439.9684696450531,True
2020-05-24 11:30:00,4135001,255182.66071,24898.628571,69591.178571,7670477.75,HmiyD2TTLFNqkNe,30.648152666666665,58.192274733333335,0.9587208273333332,11,27370.647253340663,-2472.018682340662,2472.018682340662,True
2020-05-24 12:00:00,4135001,261993.64287,25558.042857,82029.928572,7671055.0,HmiyD2TTLFNqkNe,30.96598713333333,58.3223184,0.966907858,12,27593.228827904466,-2035.1859709044656,2035.1859709044656,True
2020-05-24 12:30:00,4135001,256224.94643,24999.141072,95180.464286,7671660.0,HmiyD2TTLFNqkNe,31.858768666666663,60.43083146666667,0.9489071126666666,12,27180.660695705737,-2181.519623705739,2181.519623705739,True
2020-05-24 13:30:00,4135001,209572.089284,20462.8678573,120442.339285,7672806.429,HmiyD2TTLFNqkNe,33.08275935714286,61.57563135714286,0.7931582364285715,13,23006.705790560907,-2543.8379332609074,2543.8379332609074,True
2020-05-24 14:00:00,4135001,196984.374998,19252.7482145,131590.285715,7673297.143,HmiyD2TTLFNqkNe,33.68083073333334,59.173854533333326,0.833392598,14,23999.707632935595,-4746.959418435596,4746.959418435596,True
2020-05-24 14:30:00,4135001,178910.839286,17492.4910711,142179.589287,7673757.0,HmiyD2TTLFNqkNe,33.78651526666667,56.12368146666666,0.6665665693333332,14,19378.078602198948,-1885.5875310989468,1885.5875310989468,True
2020-05-24 15:15:00,4135001,131077.625001,12838.7535714,155515.410713,7674337.375,HmiyD2TTLFNqkNe,33.761303733333335,54.00686426666665,0.476600342,15,14164.686727326975,-1325.933155926974,1325.933155926974,True
2020-05-25 14:45:00,4135001,206287.821428,20173.3464277,160924.821429,7682605.857,HmiyD2TTLFNqkNe,34.09684771428572,54.98997742857143,0.760303092142857,14,21867.182890065455,-1693.836462365456,1693.836462365456,True
2020-05-25 15:30:00,4135001,173667.803571,16997.9160714,175643.750001,7683230.714,HmiyD2TTLFNqkNe,34.278066,49.945772133333335,0.5049492813333333,15,14777.138175306696,2220.777896093303,2220.777896093303,True
2020-05-26 10:30:00,4135001,259007.642869,25270.4482157,54885.892857,7686538.143,HmiyD2TTLFNqkNe,29.5801188,57.320168,0.9841090573333332,10,28031.52407924473,-2761.075863544731,2761.075863544731,True
2020-05-26 11:00:00,4135001,268067.80357,26148.817858,67192.732144,7687122.143,HmiyD2TTLFNqkNe,30.10053313333333,56.94452306666666,0.988618098666667,11,28134.901079930245,-1986.0832219302465,1986.0832219302465,True
2020-05-26 12:00:00,4135001,231785.232143,22622.5124997,88563.196428,7688101.625,HmiyD2TTLFNqkNe,30.900615071428568,53.412794,0.6880905792857142,12,19877.300470737366,2745.2120289626328,2745.2120289626328,True
2020-05-26 12:15:00,4135001,278563.46427,27163.685712,95071.107143,7688403.0,HmiyD2TTLFNqkNe,31.35813793333333,59.133262,1.0541559813333337,12,29978.867738635192,-2815.1820266351933,2815.1820266351933,True
2020-05-26 12:45:00,4135001,268710.58929,26211.308927,105773.517856,7688870.143,HmiyD2TTLFNqkNe,32.030253133333325,59.7176536,1.008637932,12,28767.245552934397,-2555.9366259343988,2555.9366259343988,True
2020-05-26 13:00:00,4135001,180054.482144,17596.3964286,111777.982144,7689123.5,HmiyD2TTLFNqkNe,32.626951000000005,60.1761166,0.6823728553333333,13,19963.52659136891,-2367.13016276891,2367.13016276891,True
2020-05-26 13:15:00,4135001,189248.482147,18488.0821428,115231.160712,7689294.0,HmiyD2TTLFNqkNe,32.06863799999999,50.04413893333333,0.5918467893333333,13,17143.753835600415,1344.3283071995866,1344.3283071995866,True
2020-05-26 14:00:00,4135001,182414.75,17828.3107143,132940.892858,7690109.625,HmiyD2TTLFNqkNe,33.488021,59.663859200000005,0.7188153760000001,14,20922.955828305614,-3094.6451140056124,3094.6451140056124,True
2020-05-26 14:30:00,4135001,158090.5,15467.0714284,138803.267858,7690395.375,HmiyD2TTLFNqkNe,32.27215373333334,44.45963126666666,0.445260018,14,12972.463968500273,2494.6074598997275,2494.6074598997275,True
2020-05-26 15:30:00,4135001,177462.785715,17367.2392857,149931.839287,7690895.714,HmiyD2TTLFNqkNe,32.8598512,46.55671166666666,0.5361376973333333,15,15501.125511058632,1866.1137746413697,1866.1137746413697,True
2020-05-27 09:30:00,4135001,189068.672619,18493.119643,31056.928572,7693308.0,HmiyD2TTLFNqkNe,28.570597266666667,49.2665142,0.690779268,9,19813.26445338635,-1320.1448103863477,1320.1448103863477,True
2020-05-27 10:00:00,4135001,179902.3,17598.7166666,40767.083334,7693818.0,HmiyD2TTLFNqkNe,29.011586333333334,47.639289111111104,0.66640501,10,19090.088154969977,-1491.3714883699759,1491.3714883699759,True
2020-05-27 11:30:00,4135001,268791.66666,26215.605953,67300.309525,7695007.875,HmiyD2TTLFNqkNe,31.295017400000003,60.84368073333333,0.965868116,11,27659.0196113883,-1443.413658388301,1443.413658388301,True
2020-05-27 12:00:00,4135001,266222.5,25971.926785,79123.803571,7695522.143,HmiyD2TTLFNqkNe,31.9470338,62.420866,1.0365607706666664,12,29622.621852016855,-3650.6950670168553,3650.6950670168553,True
2020-05-27 12:30:00,4135001,153139.910714,14987.6607144,88370.446429,7695931.0,HmiyD2TTLFNqkNe,32.095951199999995,51.93161206666666,0.5748687466666667,12,16756.858472168726,-1769.1977577687248,1769.1977577687248,True
2020-05-27 12:45:00,4135001,171476.785713,16768.9500002,92915.589284,7696121.625,HmiyD2TTLFNqkNe,32.27157786666667,53.3307006,0.6274043513333333,12,18227.503635283618,-1458.5536350836192,1458.5536350836192,True
2020-05-27 14:30:00,4135001,208009.125003,20327.0464284,113979.928572,7697098.571,HmiyD2TTLFNqkNe,32.7693424,47.220991733333335,0.6554787686666667,14,18752.791250893766,1574.2551775062348,1574.2551775062348,True
2020-05-28 10:30:00,4135001,216263.535715,21123.5321433,54813.964285,7701068.625,HmiyD2TTLFNqkNe,29.4800944,54.2505046,0.8182360253333333,10,23435.966925997534,-2312.4347826975354,2312.4347826975354,True
2020-05-28 12:15:00,4135001,284571.65237,27749.459999,98953.97619,7703100.4,HmiyD2TTLFNqkNe,32.29975366666667,60.04074324999999,1.0637222583333332,12,30266.293056301278,-2516.833057301279,2516.833057301279,True
2020-05-28 13:15:00,4135001,227630.35716,22218.7803559,124748.517856,7704217.125,HmiyD2TTLFNqkNe,33.30490126666667,61.48070286666666,0.87740903,13,25278.55354570475,-3059.773189804753,3059.773189804753,True
2020-05-28 14:15:00,4135001,105308.642857,10330.6857143,142729.696429,7705027.25,HmiyD2TTLFNqkNe,32.78992792857142,46.81591135714286,0.4033134171428571,14,11923.979357400287,-1593.2936431002872,1593.2936431002872,True
2020-05-28 14:30:00,4135001,179159.12499799998,17519.4607142,146175.589288,7705185.571,HmiyD2TTLFNqkNe,32.84624806666667,48.51458733333333,0.5518274599999999,14,15999.757470680495,1519.7032435195033,1519.7032435195033,True
2020-05-28 14:45:00,4135001,177523.452382,17363.8178572,150120.208333,7705361.429,HmiyD2TTLFNqkNe,32.96533184615384,46.83451484615385,0.5377807876923076,14,15557.16479538006,1806.6530618199395,1806.6530618199395,True
2020-05-29 11:45:00,4135001,277691.32143,27085.746429,76722.5,7710268.0,HmiyD2TTLFNqkNe,29.452115866666663,57.48017959999999,1.0518955426666667,11,29867.897293188347,-2782.1508641883484,2782.1508641883484,True
2020-05-29 13:30:00,4135001,241203.96426,23555.8982153,120840.499999,7712262.143,HmiyD2TTLFNqkNe,31.451491266666668,58.442191666666666,0.870920262,13,24999.721762274337,-1443.8235469743377,1443.8235469743377,True
2020-05-30 10:00:00,4135001,102686.178572,10074.8696428,25572.767857,7716003.0,HmiyD2TTLFNqkNe,24.9230428,32.240460133333336,0.304070602,10,8748.10606367841,1326.7635791215907,1326.7635791215907,True
2020-05-30 10:15:00,4135001,95839.785715,9409.9999999,27946.410715,7716103.429,HmiyD2TTLFNqkNe,24.95966,30.926380785714283,0.2776844828571428,10,7986.115403412968,1423.8845964870316,1423.8845964870316,True
2020-05-30 10:30:00,4135001,115928.25,11363.7946429,30574.696427,7716220.5,HmiyD2TTLFNqkNe,24.808402466666667,30.401300066666664,0.3370152366666666,10,9570.5213179758,1793.273324924201,1793.273324924201,True
2020-05-30 10:45:00,4135001,117660.57143,11533.0624999,33431.714286,7716349.286,HmiyD2TTLFNqkNe,24.85946453333333,32.48247873333333,0.348691926,10,9963.117470682264,1569.9450292177353,1569.9450292177353,True
2020-05-30 11:00:00,4135001,143787.696429,14084.3875,36548.642857,7716488.625,HmiyD2TTLFNqkNe,25.07773446666667,35.4601398,0.4262679866666666,11,12166.965439154916,1917.422060845085,1917.422060845085,True
2020-05-30 11:15:00,4135001,224149.749998,21900.1767863,40950.125,7716687.143,HmiyD2TTLFNqkNe,25.542982933333327,41.660313,0.715572958,11,20212.210189727775,1687.9665965722234,1687.9665965722234,True
2020-05-30 12:00:00,4135001,298937.78571,29150.212499,56379.5,7717387.625,HmiyD2TTLFNqkNe,27.0928548,57.691178466666656,1.151102274,12,32566.50085923499,-3416.2883602349903,3416.2883602349903,True
2020-05-30 12:15:00,4135001,218205.857148,21316.4857136,63097.642857,7717694.286,HmiyD2TTLFNqkNe,27.6734152,62.91643313333333,0.7998236226666667,12,23265.989616388448,-1949.5039027884486,1949.5039027884486,True
2020-05-30 12:30:00,4135001,283435.66072,27642.699999,68734.660715,7717944.125,HmiyD2TTLFNqkNe,28.24220935714285,60.84071814285714,1.1225500642857145,12,31906.210510547637,-4263.510511547636,4263.510511547636,True
2020-05-30 13:15:00,4135001,255671.99999,24953.001787,85638.571428,7718706.143,HmiyD2TTLFNqkNe,28.9500306,56.0328042,0.9492787793333332,13,27040.18746136793,-2087.1856743679273,2087.1856743679273,True
2020-05-31 10:15:00,4135001,229862.089286,22443.6642865,34718.178571,7723469.75,HmiyD2TTLFNqkNe,27.000671500000003,42.06565842857143,0.7297147092857142,10,20603.836666215342,1839.8276202846573,1839.8276202846573,True
2020-05-31 10:30:00,4135001,273246.25001,26651.289287,41184.482143,7723760.143,HmiyD2TTLFNqkNe,27.968046,52.7022728,1.0191648606666668,10,28815.327524968514,-2164.0382379685143,2164.0382379685143,True
2020-05-31 11:00:00,4135001,184159.321429,18002.807143,51707.946428,7724229.429,HmiyD2TTLFNqkNe,28.0176412,47.200712266666656,0.5205349913333333,11,15135.49572060672,2867.3114223932826,2867.3114223932826,True
2020-05-31 11:15:00,4135001,229596.714278,22416.208929,56957.767857,7724438.5,HmiyD2TTLFNqkNe,28.252118,47.370047933333325,0.6365820806666665,11,18276.256079685423,4139.952849314577,4139.952849314577,True
2020-05-31 11:30:00,4135001,249415.000002,24340.4357148,62564.767858,7724667.571,HmiyD2TTLFNqkNe,28.6178812,48.29328619999999,0.7692376179999999,11,21893.1368908288,2447.298823971203,2447.298823971203,True
2020-05-31 11:45:00,4135001,176738.874999,17281.0482143,68220.160714,7724914.75,HmiyD2TTLFNqkNe,29.2730122,51.366605533333335,0.5181913166666666,11,15220.60787560502,2060.4403386949816,2060.4403386949816,True
2020-05-31 12:45:00,4135001,285725.94643,27863.723214,86665.232142,7725708.286,HmiyD2TTLFNqkNe,30.28202614285715,56.95899535714286,1.034329982142857,12,29367.823748402647,-1504.1005344026453,1504.1005344026453,True
2020-05-31 13:15:00,4135001,139167.875,13622.2839285,96693.214287,7726195.571,HmiyD2TTLFNqkNe,30.6310384,54.56202766666667,0.5263585046666664,13,15549.433256533765,-1927.1493280337654,1927.1493280337654,True
2020-05-31 14:00:00,4135001,235536.392865,22991.6160713,107160.44643,7726696.0,HmiyD2TTLFNqkNe,30.8515666,55.29098946666667,0.8758627453333333,14,25017.355006027166,-2025.7389347271674,2025.7389347271674,True
2020-06-01 10:15:00,4135001,192867.482144,18858.0660714,42972.017857,7729804.429,HmiyD2TTLFNqkNe,28.367919866666668,49.108597866666656,0.7230391853333333,10,20678.253498820042,-1820.1874274200418,1820.1874274200418,True
2020-06-01 10:45:00,4135001,254958.57144,24875.085714,54845.107143,7730330.429,HmiyD2TTLFNqkNe,29.4410646,56.354778933333336,0.931341062,10,26570.531667988682,-1695.4459539886811,1695.4459539886811,True
2020-06-01 11:00:00,4135001,234969.160727,22940.2035695,60939.857144,7730613.571,HmiyD2TTLFNqkNe,29.58492026666667,58.597363133333324,1.016641412,11,28956.154280503735,-6015.950711003734,6015.950711003734,True
2020-06-01 11:15:00,4135001,222976.51787,21767.885714,66778.160715,7730896.125,HmiyD2TTLFNqkNe,29.76473564285714,55.351970142857134,0.4945148071428571,11,14726.467313554858,7041.418400445142,7041.418400445142,True
2020-06-01 11:30:00,4135001,270574.482129,26393.8124987,72595.69643,7731188.429,HmiyD2TTLFNqkNe,29.817582266666665,54.12078233333333,1.0894755359999997,11,30756.623991139477,-4362.811492439476,4362.811492439476,True
2020-06-01 12:15:00,4135001,151830.42857,14862.9482144,83619.482143,7731686.25,HmiyD2TTLFNqkNe,29.6550456,49.0828572,0.6197431146666665,12,17875.926733891847,-3012.9785194918477,3012.9785194918477,True
2020-06-01 13:00:00,4135001,150720.732144,14748.5482143,92964.553572,7732080.857,HmiyD2TTLFNqkNe,28.995208666666663,39.9702698,0.4579382833333333,13,13166.707441062557,1581.8407732374435,1581.8407732374435,True
2020-06-01 13:30:00,4135001,214543.107135,20957.7464294,102786.910715,7732516.143,HmiyD2TTLFNqkNe,27.7970438,36.62138300000001,0.6673560326666667,13,18706.928303634828,2250.8181257651704,2250.8181257651704,True
2020-06-02 10:45:00,4135001,203475.160714,19899.0964285,54073.571429,7736031.429,HmiyD2TTLFNqkNe,27.363865266666664,43.500976533333336,0.6438703946666667,10,18335.769766915797,1563.326661584204,1563.326661584204,True
2020-06-02 12:00:00,4135001,181179.446429,17731.1142858,74317.232143,7736957.0,HmiyD2TTLFNqkNe,27.46658328571429,40.11592957142858,0.5638615457142857,12,16043.852774924573,1687.2615108754253,1687.2615108754253,True
2020-06-02 13:00:00,4135001,272950.94643,26622.589286,95876.392856,7737924.75,HmiyD2TTLFNqkNe,27.964561,48.2827824,0.8852643266666665,13,25027.468081909803,1595.1212040901955,1595.1212040901955,True
2020-06-02 13:30:00,4135001,223013.05358,21793.3910717,108279.642857,7738487.75,HmiyD2TTLFNqkNe,27.636714733333328,45.63386426666667,0.7079364073333333,13,20139.187953320023,1654.2031183799772,1654.2031183799772,True
2020-06-02 14:15:00,4135001,160173.339288,15683.8446428,123298.910714,7739161.625,HmiyD2TTLFNqkNe,26.947897642857143,39.81178307142858,0.5004139214285713,14,14317.086920743328,1366.7577220566727,1366.7577220566727,True
2020-06-02 15:30:00,4135001,131311.553572,12866.8303571,142993.714285,7740039.143,HmiyD2TTLFNqkNe,26.279598133333334,36.349589,0.4026979686666666,15,11549.620050947367,1317.2103061526323,1317.2103061526323,True
2020-06-02 15:45:00,4135001,143383.107142,14041.7089285,146222.553571,7740180.5,HmiyD2TTLFNqkNe,26.519590333333333,37.54320873333334,0.4304919446666666,15,12343.768944294996,1697.9399842050043,1697.9399842050043,True
2020-06-03 10:30:00,4135001,193996.732143,18979.1160714,37824.482142,7742590.375,HmiyD2TTLFNqkNe,26.6612375,39.588428785714285,0.615580315,10,17429.521466702554,1549.594604697446,1549.594604697446,True
2020-06-03 12:15:00,4135001,222223.196433,21724.2678579,77111.321428,7744369.0,HmiyD2TTLFNqkNe,28.058274466666663,47.815446,0.7152714659999999,12,20418.172710123672,1306.0951477763265,1306.0951477763265,True
2020-06-03 12:45:00,4135001,275618.51785,26886.401787,89147.517856,7744903.625,HmiyD2TTLFNqkNe,28.792797866666664,51.43322746666667,0.8961615320000001,12,25436.643600993903,1449.7581860060964,1449.7581860060964,True
2020-06-03 14:00:00,4135001,29698.0,2907.7,22406.0,7152815.0,,,,,14,6699.228645153022,-3791.528645153022,3791.528645153022,True
2020-06-03 15:15:00,4135001,241593.23214,23589.492858,146497.339286,7747519.25,HmiyD2TTLFNqkNe,28.85288293333333,50.806604,0.7781302413333333,15,22218.21507702817,1371.2777809718318,1371.2777809718318,True
2020-06-04 09:00:00,4135001,168924.410714,16533.5017858,20423.8928571,7749570.429,HmiyD2TTLFNqkNe,26.23224886666667,41.591343,0.5240877666666666,9,15035.811102116186,1497.6906836838134,1497.6906836838134,True
2020-06-04 09:15:00,4135001,144483.285714,14149.4196429,24191.285715,7749739.125,HmiyD2TTLFNqkNe,26.67907113333333,42.56844686666666,0.4329602066666666,9,12607.533698260293,1541.8859446397073,1541.8859446397073,True
2020-06-04 09:30:00,4135001,146737.267857,14367.0321429,27772.517856,7749896.143,HmiyD2TTLFNqkNe,26.958341533333336,42.141090666666656,0.4031702393333333,9,11785.289753442208,2581.7423894577914,2581.7423894577914,True
2020-06-04 10:45:00,4135001,268669.44643,26206.369643,51457.196428,7750941.25,HmiyD2TTLFNqkNe,28.609558066666665,53.49905786666666,0.9900746606666666,10,28055.64422983879,-1849.2745868387865,1849.2745868387865,True
2020-06-04 12:30:00,4135001,205627.125004,20087.0196426,90474.642856,7752694.75,HmiyD2TTLFNqkNe,29.7818786,52.660978,0.7917845233333333,12,22656.916989304293,-2569.8973467042924,2569.8973467042924,True
2020-06-04 12:45:00,4135001,179072.892858,17502.694642899998,94812.428571,7752878.429,HmiyD2TTLFNqkNe,29.397380285714288,47.38953071428571,0.5456316214285714,12,15811.770634148921,1690.924008751077,1690.924008751077,True
2020-06-04 13:00:00,4135001,271756.74999,26511.916072,100606.535715,7753143.25,HmiyD2TTLFNqkNe,30.0188802,53.659336200000006,0.9989916353333332,13,28289.816565145848,-1777.9004931458476,1777.9004931458476,True
2020-06-04 13:15:00,4135001,273825.74999,26711.939287,107259.428571,7753461.714,HmiyD2TTLFNqkNe,30.470314466666665,57.810960066666674,1.0396661320000002,13,29540.86086708508,-2828.9215800850798,2828.9215800850798,True
2020-06-04 14:30:00,4135001,154733.964286,15151.3607143,131269.892857,7754519.0,HmiyD2TTLFNqkNe,29.053249066666663,43.63637693333334,0.4784254099999999,14,13854.3794687663,1296.9812455337014,1296.9812455337014,True
2020-06-04 14:45:00,4135001,223138.4107,21798.5303571,135691.232144,7754727.286,HmiyD2TTLFNqkNe,29.025638800000003,45.191560933333335,0.6831317153333333,14,19443.59875769212,2354.931599407879,2354.931599407879,True
2020-06-04 15:15:00,4135001,183528.464286,17951.3964284,146938.089285,7755241.857,HmiyD2TTLFNqkNe,28.8240906,47.455545866666654,0.5762455473333332,15,16638.782256108083,1312.6141722919165,1312.6141722919165,True
2020-06-05 09:00:00,4135001,160229.875,15682.0392858,19729.0535715,7757512.857,HmiyD2TTLFNqkNe,26.1081848,44.455601,0.4937874026666666,9,14324.15569556531,1357.883590234689,1357.883590234689,True
2020-06-05 11:15:00,4135001,235069.96428,22948.0250001,62553.035715,7759470.125,HmiyD2TTLFNqkNe,28.1088298,54.984794066666666,0.9138139586666668,11,26050.94347258609,-3102.9184724860897,3102.9184724860897,True
2020-06-05 11:30:00,4135001,272287.25001,26560.648216,68571.303573,7759725.571,HmiyD2TTLFNqkNe,28.699442466666667,59.51716313333333,1.0468158086666666,11,29810.16847777288,-3249.520261772879,3249.520261772879,True
2020-06-05 11:45:00,4135001,253446.92858,24727.8160724,75286.821428,7760025.0,HmiyD2TTLFNqkNe,28.785264266666665,60.75704953333334,0.9516839406666668,11,27285.293514003974,-2557.4774416039727,2557.4774416039727,True
2020-06-05 12:30:00,4135001,79516.0,7815.9214286,84266.928572,7760393.714,HmiyD2TTLFNqkNe,24.78254793333333,27.2943788,0.2201477426666666,12,6293.6523722109305,1522.2690563890692,1522.2690563890692,True
2020-06-05 12:45:00,4135001,117978.464285,11566.9482142,86497.517855,7760491.286,HmiyD2TTLFNqkNe,23.833673,27.06917933333333,0.3283600913333332,12,9214.066471531445,2352.8817426685546,2352.8817426685546,True
2020-06-05 13:00:00,4135001,185168.339286,18117.6553569,90352.517857,7760668.5,HmiyD2TTLFNqkNe,24.98657813333333,35.3831992,0.549665794,13,15495.141206517841,2622.514150382158,2622.514150382158,True
2020-06-05 13:15:00,4135001,177855.696426,17395.5839286,95096.035715,7760882.143,HmiyD2TTLFNqkNe,25.75082,43.90548686666667,0.5586564773333333,13,16050.911736136572,1344.6721924634294,1344.6721924634294,True
2020-06-06 09:45:00,4135001,152192.75,14890.9053572,34003.821428,7765715.143,HmiyD2TTLFNqkNe,27.40662013333333,45.656620466666666,0.5831875886666666,9,16777.834352459886,-1886.9289952598865,1886.9289952598865,True
2020-06-06 11:00:00,4135001,222312.410723,21711.9767849,58275.678571,7766794.857,HmiyD2TTLFNqkNe,29.0410462,52.9128622,0.833716566,11,23804.92582298702,-2092.9490380870193,2092.9490380870193,True
2020-06-06 11:30:00,4135001,166092.928572,16228.2607143,68889.249997,7767306.143,HmiyD2TTLFNqkNe,29.662364357142856,49.18731492857143,0.442447935,11,13091.007818460417,3137.2528958395833,3137.2528958395833,True
2020-06-06 12:45:00,4135001,191614.678572,18722.9892857,90195.857143,7768238.125,HmiyD2TTLFNqkNe,30.168788466666665,52.53135606666668,0.7886542966666666,12,22565.552387311014,-3842.563101611013,3842.563101611013,True
2020-06-06 13:30:00,4135001,184538.178571,18039.3196429,103280.232143,7768832.857,HmiyD2TTLFNqkNe,26.463971,30.740364866666663,0.5331907740000001,13,14869.920385722424,3169.399257177578,3169.399257177578,True
2020-06-06 14:00:00,4135001,166435.482142,16278.775,113311.214286,7769278.429,HmiyD2TTLFNqkNe,28.25725513333333,43.641306466666656,0.456957692,14,13278.538922971544,3000.236077028456,3000.236077028456,True
2020-06-06 15:00:00,4135001,89581.69643,8795.9767857,126712.410715,7769861.875,HmiyD2TTLFNqkNe,25.10567633333333,26.625590066666664,0.254934934,15,7201.562961101092,1594.4138245989088,1594.4138245989088,True
2020-06-06 15:15:00,4135001,109195.142856,10706.4089287,129260.125,7769975.143,HmiyD2TTLFNqkNe,25.97744133333333,31.4134398,0.325346652,15,9277.632065134316,1428.7768635656848,1428.7768635656848,True
2020-06-07 09:00:00,4135001,202221.678573,19779.9767857,16571.4107144,7771206.625,HmiyD2TTLFNqkNe,23.9829488,38.8167622,0.6309158766666667,9,17830.687709452068,1949.2890762479328,1949.2890762479328,True
2020-06-07 10:00:00,4135001,147079.482145,14406.2428571,32563.80357,7771929.25,HmiyD2TTLFNqkNe,24.88059273333333,39.5672728,0.4554531606666666,10,13111.0591047981,1295.1837523019003,1295.1837523019003,True
2020-06-07 10:15:00,4135001,171416.053572,16777.7017857,36294.267857,7772103.143,HmiyD2TTLFNqkNe,25.09010971428572,39.83215985714286,0.537035125,10,15324.229909670885,1453.4718760291144,1453.4718760291144,True
2020-06-07 10:30:00,4135001,211331.089285,20661.7660714,40973.357143,7772311.25,HmiyD2TTLFNqkNe,25.68664953333333,43.83857633333333,0.6541739533333331,10,18635.250328893173,2026.5157425068282,2026.5157425068282,True
2020-06-07 11:15:00,4135001,297395.28571,28999.726786,60431.517856,7773197.143,HmiyD2TTLFNqkNe,27.4672506,58.268178266666666,1.093312369333333,11,31026.378764183144,-2026.6519781831448,2026.6519781831448,True
2020-06-07 12:15:00,4135001,254458.178577,24809.6964287,86498.410715,7774384.857,HmiyD2TTLFNqkNe,28.7483338,59.98777086666667,1.0242290946666668,12,29215.24962237553,-4405.553193675529,4405.553193675529,True
2020-06-07 12:30:00,4135001,236053.64286,23015.158929,92361.071428,7774686.429,HmiyD2TTLFNqkNe,28.884908,59.149143266666655,1.00650392,12,28704.444217907705,-5689.285288907704,5689.285288907704,True
2020-06-07 12:45:00,4135001,216342.749986,21093.375,97971.767858,7775002.0,HmiyD2TTLFNqkNe,29.4468058,57.7418068,0.9985397593333332,12,28434.089465247886,-7340.7144652478855,7340.7144652478855,True
2020-06-07 13:00:00,4135001,202254.80357,19719.926785,103008.892857,7775313.429,HmiyD2TTLFNqkNe,30.082822666666665,56.89508453333334,0.9434325606666668,13,26908.50661202627,-7188.579827026271,7188.579827026271,True
2020-06-07 13:15:00,4135001,203338.85713,19826.3875,107957.267857,7775615.625,HmiyD2TTLFNqkNe,30.003688533333328,56.585726,0.954714792,13,27202.26427114758,-7375.8767711475775,7375.8767711475775,True
2020-06-07 13:30:00,4135001,178954.125001,17463.3696424,112725.910714,7775906.857,HmiyD2TTLFNqkNe,29.89033,55.8342632,0.8324597433333333,13,23871.511434791842,-6408.141792391842,6408.141792391842,True
2020-06-07 13:45:00,4135001,126293.803571,12356.475,116428.017858,7776126.625,HmiyD2TTLFNqkNe,29.951885866666665,49.84045633333334,0.5917694113333333,13,17144.85364755146,-4788.378647551459,4788.378647551459,True
2020-06-07 15:00:00,4135001,201447.857144,19677.5392857,136482.821429,7777118.286,HmiyD2TTLFNqkNe,30.049153666666665,45.10961906666667,0.62916335,15,17975.24030971235,1702.298975987651,1702.298975987651,True
2020-06-08 09:15:00,4135001,205203.45,20065.7540477,23230.566666,7779550.2,HmiyD2TTLFNqkNe,26.13696276923077,42.4293093076923,0.6613730869230768,9,18776.965957295273,1288.788090404727,1288.788090404727,True
2020-06-08 13:15:00,4135001,195440.517858,19091.5392857,115418.375001,7783744.375,HmiyD2TTLFNqkNe,30.076267400000003,53.77259313333333,0.7097949053333333,13,20479.471917432445,-1387.9326317324449,1387.9326317324449,True
2020-06-08 13:30:00,4135001,177761.607143,17375.4946429,119334.017858,7783923.571,HmiyD2TTLFNqkNe,29.864121533333336,48.110203000000006,0.6660282526666667,13,19087.513317143173,-1712.0186742431724,1712.0186742431724,True
2020-06-08 13:45:00,4135001,219581.285706,21441.9821424,124397.464286,7784150.625,HmiyD2TTLFNqkNe,30.200903066666665,51.813018666666665,0.8238694766666665,13,23488.373321355113,-2046.391178955113,2046.391178955113,True
2020-06-08 14:45:00,4135001,211796.232142,20703.3839286,147114.892858,7785172.25,HmiyD2TTLFNqkNe,30.929628642857143,52.4254235,0.6676724242857142,14,19285.040148687454,1418.3437799125459,1418.3437799125459,True
2020-06-08 15:45:00,4135001,157131.321429,15379.8589286,165405.357143,7786001.5,HmiyD2TTLFNqkNe,30.492716666666663,44.21325053333334,0.4645947773333333,15,13492.935396184923,1886.9235324150777,1886.9235324150777,True
2020-06-09 10:45:00,4135001,261122.69643,25473.548214,58064.142856,7789427.143,HmiyD2TTLFNqkNe,29.42598253333333,55.1536072,0.9500225986666668,10,27030.75389486972,-1557.2056808697198,1557.2056808697198,True
2020-06-09 11:00:00,4135001,254276.446447,24809.4107143,64226.964286,7789692.125,HmiyD2TTLFNqkNe,29.910441928571423,55.183059642857145,0.94011294,11,26759.76712607843,-1950.35641177843,1950.35641177843,True
2020-06-09 11:15:00,4135001,256626.214294,25040.3982142,70875.910714,7789993.429,HmiyD2TTLFNqkNe,30.3790954,57.830800333333336,0.9227545226666668,11,26386.750910029292,-1346.3526958292932,1346.3526958292932,True
2020-06-09 13:00:00,4135001,231780.517869,22625.0178564,108101.267857,7791686.75,HmiyD2TTLFNqkNe,30.5386128,54.49439886666666,0.84871055,13,24257.52743312994,-1632.509576729939,1632.509576729939,True
2020-06-09 13:15:00,4135001,231578.00001,22611.383928,114162.875001,7791952.429,HmiyD2TTLFNqkNe,31.37843957142857,59.80717471428572,0.8512261735714286,13,24518.67570056302,-1907.2917725630214,1907.2917725630214,True
2020-06-09 14:30:00,4135001,191380.803571,18709.3482144,135646.821428,7792914.0,HmiyD2TTLFNqkNe,30.8700052,46.78769106666667,0.5976702813333334,14,17184.324556986623,1525.0236574133778,1525.0236574133778,True
2020-06-10 12:15:00,4135001,228835.071432,22341.7339284,72469.482142,7798000.875,HmiyD2TTLFNqkNe,30.189037933333328,54.239634266666656,0.869060306,12,24801.552473771164,-2459.818545371163,2459.818545371163,True
2020-06-10 12:30:00,4135001,267808.94644,26125.028572,78178.67857,7798250.571,HmiyD2TTLFNqkNe,30.080072133333328,53.7302392,0.8686483159999999,12,24772.04303984654,1352.9855321534596,1352.9855321534596,True
2020-06-10 13:45:00,4135001,207197.017862,20263.8839285,106093.107143,7799488.714,HmiyD2TTLFNqkNe,31.30421228571429,51.35374028571429,0.6546923735714285,13,18894.433525882538,1369.4504026174618,1369.4504026174618,True
2020-06-10 15:15:00,4135001,76069.892859,7473.2428571,123197.000001,7800257.571,HmiyD2TTLFNqkNe,24.0490642,25.863409466666663,0.2161701353333333,15,6131.161311295263,1342.0815458047373,1342.0815458047373,True
2020-06-10 15:30:00,4135001,102774.017856,10084.1303573,125519.160713,7800363.0,HmiyD2TTLFNqkNe,25.028104666666668,29.65835566666667,0.2919487846666666,15,8314.802429413096,1769.327927886905,1769.327927886905,True
2020-06-11 09:30:00,4135001,97882.660715,9610.5607143,15374.125,7801789.0,HmiyD2TTLFNqkNe,24.4268352,33.25334266666667,0.286548186,9,8316.6594194822,1293.9012948178006,1293.9012948178006,True
2020-06-11 09:45:00,4135001,104898.625001,10287.6714286,17859.9464286,7801900.857,HmiyD2TTLFNqkNe,24.623516666666664,34.098657333333335,0.30827921,9,8934.259628725154,1353.411799874846,1353.411799874846,True
2020-06-11 10:00:00,4135001,113149.071428,11091.9714286,20536.4464287,7802013.857,HmiyD2TTLFNqkNe,24.80515553333333,34.56906553333334,0.3341347466666667,10,9647.596030388468,1444.3753982115322,1444.3753982115322,True
2020-06-11 10:15:00,4135001,123134.196428,12068.0660714,23415.6607133,7802143.125,HmiyD2TTLFNqkNe,25.031361933333333,35.71532393333333,0.3664925886666666,10,10563.373151819982,1504.6929195800185,1504.6929195800185,True
2020-06-11 10:30:00,4135001,125721.196428,12320.907143,26486.660714,7802282.857,HmiyD2TTLFNqkNe,25.47613733333333,36.90983686666667,0.3750224913333333,10,10835.987905369828,1484.9192376301726,1484.9192376301726,True
2020-06-11 10:45:00,4135001,130335.696428,12771.4357142,29531.678572,7802420.75,HmiyD2TTLFNqkNe,25.753749666666668,36.50444326666668,0.388530498,10,11184.504770943171,1586.9309432568298,1586.9309432568298,True
2020-06-11 11:00:00,4135001,158339.37499799998,15504.9285714,33075.160716,7802584.714,HmiyD2TTLFNqkNe,26.2963116,38.61497386666667,0.4865309580000001,11,13906.357248510474,1598.5713228895256,1598.5713228895256,True
2020-06-11 11:15:00,4135001,171464.625001,16784.8607143,37251.214286,7802772.375,HmiyD2TTLFNqkNe,26.492523071428568,40.41920307142857,0.5315657121428571,11,15189.277110259121,1595.5836040408794,1595.5836040408794,True
2020-06-11 11:30:00,4135001,161230.392858,15787.1125,41256.714287,7802952.571,HmiyD2TTLFNqkNe,26.57368573333333,40.655814933333325,0.4960136759999999,11,14237.021497313748,1550.0910026862512,1550.0910026862512,True
2020-06-11 11:45:00,4135001,181510.267857,17764.0821428,45436.5,7803140.25,HmiyD2TTLFNqkNe,26.907450200000007,42.12864373333333,0.5611673299999999,11,16050.550217675536,1713.5319251244655,1713.5319251244655,True
2020-06-11 12:00:00,4135001,204194.196429,19972.9375002,50091.857143,7803352.286,HmiyD2TTLFNqkNe,27.16000973333333,43.574774533333326,0.6383058133333332,12,18185.482545366438,1787.4549548335635,1787.4549548335635,True
2020-06-11 12:15:00,4135001,196331.821428,19207.2392858,55094.053572,7803581.625,HmiyD2TTLFNqkNe,27.4697428,43.46879073333333,0.6140467053333332,12,17524.474221600274,1682.7650641997243,1682.7650641997243,True
2020-06-11 12:45:00,4135001,127862.375,12529.1107142,63349.910715,7803956.375,HmiyD2TTLFNqkNe,27.667081733333337,39.6965698,0.384930638,12,11192.432435497332,1336.6782787026677,1336.6782787026677,True
2020-06-11 13:00:00,4135001,148878.142859,14581.6714284,66770.142858,7804111.143,HmiyD2TTLFNqkNe,27.793925066666667,40.65225413333333,0.4614137253333333,13,13292.067713009383,1289.6037153906182,1289.6037153906182,True
2020-06-11 13:15:00,4135001,160402.625,15706.0875,70525.125,7804285.125,HmiyD2TTLFNqkNe,27.97164264285714,40.74435871428572,0.5024805850000001,13,14404.237449779619,1301.8500502203806,1301.8500502203806,True
2020-06-11 13:45:00,4135001,140998.017857,13812.7107143,76852.946428,7804566.875,HmiyD2TTLFNqkNe,27.88819186666667,37.721638866666666,0.4294617333333333,13,12319.314021661005,1493.3966926389949,1493.3966926389949,True
2020-06-11 14:15:00,4135001,206915.000003,20225.8785719,84691.125,7804909.571,HmiyD2TTLFNqkNe,28.652787199999995,42.90342799999999,0.6541221086666666,14,18576.60174588371,1649.276826016292,1649.276826016292,True
2020-06-11 14:30:00,4135001,227661.517851,22239.7392857,90093.892857,7805157.125,HmiyD2TTLFNqkNe,28.91200753333333,46.4054178,0.702585196,14,20014.932365322977,2224.8069203770247,2224.8069203770247,True
2020-06-11 15:45:00,4135001,139426.303571,13658.9732142,109161.357143,7806014.143,HmiyD2TTLFNqkNe,28.490726733333336,39.98254813333334,0.4242669086666667,15,12256.200379807477,1402.7728343925228,1402.7728343925228,True
2020-06-12 09:45:00,4135001,142755.553571,13984.3214286,19722.1785714,7807552.143,HmiyD2TTLFNqkNe,24.682629266666662,35.93726406666667,0.4422391126666667,9,12621.96268892991,1362.3587396700896,1362.3587396700896,True
2020-06-12 10:15:00,4135001,169544.928571,16596.8767859,26555.178571,7807864.286,HmiyD2TTLFNqkNe,25.262884466666662,37.78594966666667,0.50926205,10,14496.861875741779,2100.014910158221,2100.014910158221,True
2020-06-12 10:30:00,4135001,180048.44643,17620.9053572,30774.214287,7808062.125,HmiyD2TTLFNqkNe,25.460363866666665,37.3852784,0.5591777066666666,10,15829.717234750333,1791.1881224496683,1791.1881224496683,True
2020-06-12 10:45:00,4135001,147060.214284,14403.7178571,35066.910713,7808256.571,HmiyD2TTLFNqkNe,25.431754533333333,38.33857613333334,0.4420255493333332,10,12699.772311379704,1703.9455457202966,1703.9455457202966,True
2020-06-12 11:00:00,4135001,133632.482143,13093.4642858,38301.660714,7808402.625,HmiyD2TTLFNqkNe,25.35791885714286,35.92258564285714,0.3929380471428571,11,11282.133338170584,1811.3309476294162,1811.3309476294162,True
2020-06-12 11:15:00,4135001,182849.428571,17893.6839287,42079.75,7808576.286,HmiyD2TTLFNqkNe,25.700242133333333,36.99481373333333,0.5402542266666664,11,15300.809341988763,2592.8745867112375,2592.8745867112375,True
2020-06-12 11:30:00,4135001,218689.392862,21376.3910722,47235.732143,7808814.125,HmiyD2TTLFNqkNe,25.79386393333333,40.80645753333332,0.6753042113333334,11,19091.117508437223,2285.2735637627775,2285.2735637627775,True
2020-06-12 11:45:00,4135001,205136.732142,20064.9160715,52318.803571,7809037.286,HmiyD2TTLFNqkNe,26.294516866666665,43.60148279999999,0.6536209333333333,11,18606.552083094353,1458.3639884056465,1458.3639884056465,True
2020-06-12 12:30:00,4135001,155824.892856,15259.9000001,66198.303571,7809648.286,HmiyD2TTLFNqkNe,27.073685666666663,42.09396553333334,0.4839689073333333,12,13960.61664328204,1299.2833568179612,1299.2833568179612,True
2020-06-12 12:45:00,4135001,172727.124999,16907.9089285,70161.73214000001,7809829.375,HmiyD2TTLFNqkNe,27.122843333333336,40.93966879999999,0.544320384,12,15548.200125184645,1359.708803315356,1359.708803315356,True
2020-06-12 13:15:00,4135001,172236.142856,16860.192857000002,78828.946428,7810217.25,HmiyD2TTLFNqkNe,27.47486573333333,42.54781693333334,0.5366972139999999,13,15398.339420184548,1461.8534368154542,1461.8534368154542,True
2020-06-12 13:30:00,4135001,183226.339288,17931.0839285,83068.321428,7810409.571,HmiyD2TTLFNqkNe,27.546154666666663,42.22754713333333,0.576459514,13,16460.47475353746,1470.6091749625411,1470.6091749625411,True
2020-06-12 13:45:00,4135001,210055.357143,20542.9392857,87886.178571,7810624.875,HmiyD2TTLFNqkNe,28.10111792857143,44.812733142857134,0.6685085735714286,13,19040.94797359885,1501.9913121011487,1501.9913121011487,True
2020-06-13 10:00:00,4135001,196918.499991,19239.6124995,41910.910714,7814404.571,HmiyD2TTLFNqkNe,27.573553600000004,46.448215666666655,0.6152538133333332,10,17670.998453239834,1568.6140462601652,1568.6140462601652,True
2020-06-13 10:45:00,4135001,239880.464278,23407.5696423,58490.125,7815167.5,HmiyD2TTLFNqkNe,28.62208571428572,50.49866800000001,0.7403816392857143,10,21197.225080604258,2210.3445616957433,2210.3445616957433,True
2020-06-13 11:30:00,4135001,275000.37501,26818.498215,77353.69643,7815987.25,HmiyD2TTLFNqkNe,29.45011986666667,53.953094466666656,0.8554001073333332,11,24427.40726368477,2391.090951315229,2391.090951315229,True
2020-06-13 11:45:00,4135001,279940.482144,27300.3803574,83957.928571,7816278.0,HmiyD2TTLFNqkNe,29.6048524,54.930332333333325,1.0166871813333331,11,28821.0082550328,-1520.6278976327994,1520.6278976327994,True
2020-06-13 12:15:00,4135001,239571.553563,23390.0464287,97272.017856,7816877.429,HmiyD2TTLFNqkNe,29.873128133333328,53.62572206666666,0.8893022273333333,12,25327.291309501696,-1937.2448808016961,1937.2448808016961,True
2020-06-13 13:15:00,4135001,195601.357145,19115.5964287,120787.178571,7817961.571,HmiyD2TTLFNqkNe,27.568512066666667,40.19833379999999,0.6002171826666667,13,17026.89335610214,2088.7030725978584,2088.7030725978584,True
2020-06-13 15:00:00,4135001,228325.982147,22317.8821413,157885.142857,7819615.375,HmiyD2TTLFNqkNe,27.583284533333337,47.94728993333333,0.7337197726666665,15,20918.40906540705,1399.4730758929509,1399.4730758929509,True
2020-06-13 16:00:00,4135001,148466.089285,14540.5160715,175034.107143,7820388.571,HmiyD2TTLFNqkNe,27.66269933333333,40.34541599999999,0.4595029573333333,16,13224.139507508946,1316.3765639910544,1316.3765639910544,True
2020-06-14 09:15:00,4135001,178531.553571,17473.3892856,22977.3035704,7821899.286,HmiyD2TTLFNqkNe,25.093788666666665,38.5421514,0.5664324566666666,9,16072.456154706859,1400.9331308931396,1400.9331308931396,True
2020-06-14 09:30:00,4135001,176766.321429,17301.757142899998,27378.392857,7822100.5,HmiyD2TTLFNqkNe,25.808286599999995,41.24847206666666,0.5574083926666665,9,15925.566302620875,1376.1908402791232,1376.1908402791232,True
2020-06-14 09:45:00,4135001,180728.482143,17687.067857000002,31665.339285,7822295.143,HmiyD2TTLFNqkNe,26.1179402,42.4683164,0.5722872473333334,9,16371.361682744882,1315.7061742551195,1315.7061742551195,True
2020-06-14 10:00:00,4135001,186527.517857,18251.4624999,36285.339286,7822496.429,HmiyD2TTLFNqkNe,26.354372285714287,43.27517914285714,0.5856356821428572,10,16758.97444858419,1492.4880513158096,1492.4880513158096,True
2020-06-14 10:15:00,4135001,170646.785715,16705.044643,40546.232143,7822689.875,HmiyD2TTLFNqkNe,26.09553013333333,40.98323173333333,0.5289236226666665,10,15142.719911296786,1562.3247317032146,1562.3247317032146,True
2020-06-14 10:30:00,4135001,232813.392851,22742.3160715,45242.642857,7822904.286,HmiyD2TTLFNqkNe,26.36005846666667,38.9274884,0.7195252226666667,10,20215.140506753592,2527.175564746409,2527.175564746409,True
2020-06-14 13:45:00,4135001,236500.125,23086.444643,103225.660713,7825761.375,HmiyD2TTLFNqkNe,27.04890353333333,47.9602314,0.9066149006666668,13,25597.040236482386,-2510.595593482387,2510.595593482387,True
2020-06-14 14:00:00,4135001,286103.07143,27895.039285,109916.357143,7826097.857,HmiyD2TTLFNqkNe,27.848915600000005,59.386079333333335,1.2216518466666668,14,34528.22885542078,-6633.189570420778,6633.189570420778,True
2020-06-14 14:15:00,4135001,243677.69644,23782.435715,116473.946427,7826403.286,HmiyD2TTLFNqkNe,28.22232285714286,58.59664692857143,0.91048926,14,26089.200155580835,-2306.764440580835,2306.764440580835,True
2020-06-14 15:00:00,4135001,189159.660716,18501.017857,129205.964285,7826994.125,HmiyD2TTLFNqkNe,26.949993866666667,41.82487593333333,0.5869389626666666,15,16727.99320385912,1773.0246531408775,1773.0246531408775,True
2020-06-15 10:30:00,4135001,214895.714286,20982.0946428,54872.517857,7830645.125,HmiyD2TTLFNqkNe,28.05028693333333,50.1047016,0.6801742386666666,10,19558.651799766787,1423.4428430332118,1423.4428430332118,True
2020-06-15 11:00:00,4135001,226633.285714,22128.8303571,65440.089285,7831121.75,HmiyD2TTLFNqkNe,28.7853558,50.65149946666666,0.702748034,11,20183.33930879753,1945.4910483024687,1945.4910483024687,True
2020-06-15 14:30:00,4135001,221139.767858,21599.617858,117019.714285,7833412.429,HmiyD2TTLFNqkNe,27.611472733333333,43.56778333333334,0.652056834,14,18550.780318111912,3048.837539888089,3048.837539888089,True
2020-06-15 15:00:00,4135001,141923.464284,13901.5357142,125313.303572,7833802.0,HmiyD2TTLFNqkNe,27.93405566666667,41.36491266666666,0.4233145246666666,15,12284.670340743014,1616.8653734569853,1616.8653734569853,True
2020-06-16 10:15:00,4135001,229013.80358,22378.3375003,42166.446427,7836716.375,HmiyD2TTLFNqkNe,27.3343506,49.562795,0.7204248719999999,10,20629.747045929886,1748.5904543701145,1748.5904543701145,True
2020-06-16 13:15:00,4135001,160651.946425,15730.2732144,89520.267857,7838864.143,HmiyD2TTLFNqkNe,27.832635533333328,41.04779260000001,0.5032727366666667,13,14437.625277314703,1292.6479370852976,1292.6479370852976,True
2020-06-16 14:00:00,4135001,144565.285713,14158.8,101087.249999,7839383.375,HmiyD2TTLFNqkNe,28.79405306666667,43.01357606666667,0.430022742,14,12524.683377095993,1634.1166229040064,1634.1166229040064,True
2020-06-16 15:30:00,4135001,142355.321429,13944.7107143,120805.214286,7840265.5,HmiyD2TTLFNqkNe,27.99871413333333,38.17277626666667,0.4274141633333333,15,12276.483795944408,1668.226918355591,1668.226918355591,True
2020-06-17 09:30:00,4135001,151664.999999,14852.6857142,21378.2857146,7841940.286,HmiyD2TTLFNqkNe,25.439449133333333,37.621647133333326,0.4660193226666666,9,13323.268795592965,1529.4169186070358,1529.4169186070358,True
2020-06-17 10:15:00,4135001,147871.25,14483.8875,31407.375,7842391.375,HmiyD2TTLFNqkNe,25.957446399999995,38.814910666666655,0.4543548386666667,10,13047.946989468019,1435.940510531982,1435.940510531982,True
2020-06-17 11:00:00,4135001,148259.392858,14510.4696431,42046.285716,7842862.875,HmiyD2TTLFNqkNe,26.236733,37.096722333333325,0.4508577206666666,11,12886.324463906501,1624.1451791934978,1624.1451791934978,True
2020-06-17 12:45:00,4135001,221577.017863,21655.719643,80138.107141,7844585.714,HmiyD2TTLFNqkNe,29.028007,47.83913766666667,0.7001748986666666,12,20006.205730150505,1649.5139128494957,1649.5139128494957,True
2020-06-17 13:15:00,4135001,194384.142859,19014.0714284,88892.428573,7844989.286,HmiyD2TTLFNqkNe,28.496042933333328,42.57935760000001,0.6021715766666667,13,17163.47550384836,1850.5959245516387,1850.5959245516387,True
2020-06-17 13:30:00,4135001,215289.75,21044.15,93824.875,7845228.25,HmiyD2TTLFNqkNe,28.954923333333333,44.68992900000001,0.6593983766666666,13,18785.88110271057,2258.268897289432,2258.268897289432,True
2020-06-17 14:45:00,4135001,172201.999998,16851.6714286,114408.285713,7846136.429,HmiyD2TTLFNqkNe,29.11126313333333,44.9506284,0.5350119733333333,14,15431.928853287976,1419.7425753120224,1419.7425753120224,True
