DATE_TIME,PLANT_ID,DC_POWER,AC_POWER,DAILY_YIELD,TOTAL_YIELD,SOURCE_KEY,AMBIENT_TEMPERATURE,MODULE_TEMPERATURE,IRRADIATION,HOUR,AC_POWER_PREDICTED,ERROR,ABS_ERROR,FAULT_FLAG,Power_Loss_W,Energy_Loss_kWh,Revenue_Loss_USD
2020-05-15 09:00:00,4135001,165598.892858,16211.35,16593.1785714,7603719.5,HmiyD2TTLFNqkNe,27.6209698,45.0092326,0.6231526486666666,9,17832.56413955244,-1621.2141395524395,1621.2141395524395,True,1621.2141395524395,0.4053035348881099,0.04053035348881099
2020-05-15 10:00:00,4135001,183026.214283,17896.7982142,29346.7321444,7604287.0,HmiyD2TTLFNqkNe,28.632191866666663,52.5477356,0.670675372,10,19389.821750280556,-1493.0235360805527,1493.0235360805527,True,1493.0235360805527,0.3732558840201382,0.037325588402013825
2020-05-15 11:15:00,4135001,160301.22619000002,15683.7136904,47752.761904,7605024.875,HmiyD2TTLFNqkNe,30.21606228571428,50.006988571428565,0.5857872135714286,11,16991.76524685528,-1308.051556455281,1308.051556455281,True,1308.051556455281,0.3270128891138202,0.03270128891138202
2020-05-15 11:45:00,4135001,167668.196427,16401.5892857,55271.107142,7605370.625,HmiyD2TTLFNqkNe,30.811049333333333,47.8363832,0.4679868693333333,11,13725.039324610005,2676.549961089997,2676.549961089997,True,2676.549961089997,0.6691374902724992,0.06691374902724993
2020-05-15 12:15:00,4135001,209569.398819,20477.0178565,63932.303572,7605775.875,HmiyD2TTLFNqkNe,31.50729773333333,49.84449266666666,0.7878660286666666,12,22437.59426975293,-1960.576413252933,1960.576413252933,True,1960.576413252933,0.49014410331323327,0.04901441033132333
2020-05-16 10:00:00,4135001,161620.160715,15823.0624999,33606.303571,7610614.5,HmiyD2TTLFNqkNe,27.611354533333337,46.072651933333326,0.491453022,10,14311.680260257628,1511.3822396423711,1511.3822396423711,True,1511.3822396423711,0.37784555991059277,0.03778455599105928
2020-05-16 10:15:00,4135001,156988.035715,15370.6178572,37151.339286,7610776.857,HmiyD2TTLFNqkNe,27.93121328571429,44.468571,0.4697288307142857,10,13663.440137150375,1707.1777200496235,1707.1777200496235,True,1707.1777200496235,0.42679443001240586,0.04267944300124059
2020-05-16 10:30:00,4135001,206873.089291,20231.7249999,41729.910714,7610982.857,HmiyD2TTLFNqkNe,28.2829874,48.962665,0.654436842,10,18819.587018684622,1412.137981215379,1412.137981215379,True,1412.137981215379,0.3530344953038448,0.03530344953038448
2020-05-16 13:15:00,4135001,233783.17858,22843.682144,93901.625,7613385.625,HmiyD2TTLFNqkNe,31.66299653333333,52.0534832,0.7332435986666667,13,21041.11419960458,1802.5679443954175,1802.5679443954175,True,1802.5679443954175,0.45064198609885436,0.04506419860988544
2020-05-17 10:30:00,4135001,225160.44644,21990.9107148,50157.589286,7617804.0,HmiyD2TTLFNqkNe,30.158901066666665,50.718400200000005,0.685881602,10,19724.9566203596,2265.9540944404,2265.9540944404,True,2265.9540944404,0.5664885236100999,0.05664885236101
2020-05-17 11:15:00,4135001,277243.94643,27034.6321414,68351.964285,7618637.75,HmiyD2TTLFNqkNe,31.53113,60.208569533333325,0.997903636,11,28499.83428655731,-1465.2021451573091,1465.2021451573091,True,1465.2021451573091,0.3663005362893273,0.03663005362893273
2020-05-17 11:30:00,4135001,268838.82143,26224.062501,75207.964286,7618948.571,HmiyD2TTLFNqkNe,32.317808071428566,63.145581571428565,0.97745754,11,28052.521046831167,-1828.4585458311667,1828.4585458311667,True,1828.4585458311667,0.45711463645779166,0.04571146364577917
2020-05-17 11:45:00,4135001,236420.660706,23074.4815471,81300.02976,7619234.0,HmiyD2TTLFNqkNe,32.5278644,61.80199160000001,0.869908956,11,25095.495508245687,-2021.013961145687,2021.013961145687,True,2021.013961145687,0.5052534902864217,0.050525349028642176
2020-05-17 12:30:00,4135001,183652.232143,17951.9339283,96224.946429,7619910.857,HmiyD2TTLFNqkNe,33.10833713333334,56.4158632,0.6696705126666667,12,19479.962944476956,-1528.0290161769517,1528.0290161769517,True,1528.0290161769517,0.3820072540442379,0.03820072540442379
2020-05-17 12:45:00,4135001,230469.857144,22497.8178564,101040.589286,7620146.875,HmiyD2TTLFNqkNe,33.64918780000001,56.556677533333335,0.8371243526666667,12,24007.1458961449,-1509.328039744898,1509.328039744898,True,1509.328039744898,0.3773320099362245,0.03773320099362246
2020-05-17 14:45:00,4135001,209780.767856,20508.2392859,133314.035715,7621622.857,HmiyD2TTLFNqkNe,34.147082733333335,47.63582766666666,0.6598271179999999,14,18878.699517703822,1629.5397681961767,1629.5397681961767,True,1629.5397681961767,0.4073849420490442,0.04073849420490442
2020-05-18 10:45:00,4135001,124139.857143,12167.5482142,18590.8392858,7623911.286,HmiyD2TTLFNqkNe,24.324541357142856,32.964675928571424,0.374390925,10,10678.158788040564,1489.389426159436,1489.389426159436,True,1489.389426159436,0.372347356539859,0.037234735653985905
2020-05-18 11:00:00,4135001,141221.107143,13834.6339287,21978.9999989,7624064.125,HmiyD2TTLFNqkNe,24.86980793333333,37.53728039999999,0.4349046853333333,11,12478.585763206152,1356.048165493847,1356.048165493847,True,1356.048165493847,0.33901204137346175,0.03390120413734617
2020-05-18 11:15:00,4135001,156460.589286,15321.2107143,25559.053573,7624225.571,HmiyD2TTLFNqkNe,25.1295838,39.552423133333335,0.4847505873333333,11,13899.020869116315,1422.1898451836823,1422.1898451836823,True,1422.1898451836823,0.3555474612959206,0.03555474612959206
2020-05-18 11:45:00,4135001,136059.321432,13330.3035716,31911.571428,7624510.714,HmiyD2TTLFNqkNe,25.215167266666665,37.6112162,0.4148831933333333,11,11938.58568575335,1391.7178858466486,1391.7178858466486,True,1391.7178858466486,0.34792947146166214,0.034792947146166216
2020-05-18 12:00:00,4135001,179929.214286,17608.1660714,35695.57143,7624669.571,HmiyD2TTLFNqkNe,25.70663053333333,41.3690166,0.5623129906666666,12,16057.5261288664,1550.6399425335983,1550.6399425335983,True,1550.6399425335983,0.3876599856333996,0.03876599856333996
2020-05-18 13:30:00,4135001,249168.625,24320.0875,64046.482142,7625945.286,HmiyD2TTLFNqkNe,27.371873,49.5876018,0.8068469279999999,13,22960.089988195006,1359.9975118049952,1359.9975118049952,True,1359.9975118049952,0.3399993779512488,0.033999937795124884
2020-05-19 16:30:00,4135001,82900.875,8135.7125,118021.25,7634910.5,HmiyD2TTLFNqkNe,29.6577312,39.18270073333333,0.3286678413333333,16,9635.546784702385,-1499.8342847023832,1499.8342847023832,True,1499.8342847023832,0.37495857117559583,0.03749585711755959
2020-05-21 07:45:00,4135001,76297.85,7494.9,6938.85,7644308.8,HmiyD2TTLFNqkNe,23.530553636363635,30.40324263636364,0.3223960490909091,7,9187.632352924487,-1692.7323529244877,1692.7323529244877,True,1692.7323529244877,0.42318308823112194,0.042318308823112195
2020-05-21 10:00:00,4135001,133977.304762,13093.902857,30325.000001,7645855.857,HmiyD2TTLFNqkNe,28.20780033333333,53.51720186666666,0.70056636,10,20235.67999940316,-7141.777142403158,7141.777142403158,True,7141.777142403158,1.7854442856007895,0.17854442856007896
2020-05-21 10:30:00,4135001,211775.964282,20682.8089286,48818.767856,7646196.286,HmiyD2TTLFNqkNe,28.657090266666668,51.68042806666666,0.8154269713333333,10,23268.73407410532,-2585.92514550532,2585.92514550532,True,2585.92514550532,0.64648128637633,0.064648128637633
2020-05-21 11:00:00,4135001,227503.428562,22215.9053556,59507.500002,7646694.571,HmiyD2TTLFNqkNe,29.207837,53.292307533333336,0.7235343293333333,11,20840.992239133782,1374.913116466214,1374.913116466214,True,1374.913116466214,0.3437282791165535,0.03437282791165535
2020-05-21 11:15:00,4135001,281954.94642,27497.275,65851.678572,7647005.125,HmiyD2TTLFNqkNe,29.59773042857143,56.443897500000006,1.0389913628571428,11,29479.966361807023,-1982.6913618070248,1982.6913618070248,True,1982.6913618070248,0.4956728404517562,0.04956728404517562
2020-05-21 11:30:00,4135001,274796.82142,26801.030357,72592.392858,7647321.286,HmiyD2TTLFNqkNe,30.12836306666667,61.4558144,1.033489496666667,11,29514.868083930927,-2713.837726930928,2713.837726930928,True,2713.837726930928,0.678459431732732,0.06784594317327321
2020-05-21 12:00:00,4135001,235841.267845,23022.4178581,85333.625,7647888.0,HmiyD2TTLFNqkNe,30.676135400000003,57.4164388,0.892777234,12,25557.98407101325,-2535.56621291325,2535.56621291325,True,2535.56621291325,0.6338915532283126,0.06338915532283126
2020-05-21 12:15:00,4135001,246090.28572,24017.639286,91316.285714,7648157.5,HmiyD2TTLFNqkNe,30.804624466666667,58.6477848,0.8879575373333333,12,25472.86163906157,-1455.2223530615738,1455.2223530615738,True,1455.2223530615738,0.36380558826539344,0.036380558826539344
2020-05-21 13:45:00,4135001,237779.071417,23206.0321439,124927.535714,7649640.75,HmiyD2TTLFNqkNe,31.688391,55.696510800000006,0.8612832686666666,13,24636.080009721783,-1430.0478658217835,1430.0478658217835,True,1430.0478658217835,0.35751196645544586,0.03575119664554459
2020-05-21 14:30:00,4135001,155589.946428,15224.6696429,139579.089288,7650270.375,HmiyD2TTLFNqkNe,31.819928,47.850404733333335,0.4585606919999999,14,13460.169265856252,1764.500377043747,1764.500377043747,True,1764.500377043747,0.44112509426093677,0.04411250942609368
2020-05-22 10:15:00,4135001,207550.821417,20271.2517856,35857.196429,7653270.75,HmiyD2TTLFNqkNe,27.87740473333333,42.96753940000001,0.63854485,10,18169.435327544124,2101.816458055877,2101.816458055877,True,2101.816458055877,0.5254541145139692,0.05254541145139692
2020-05-22 10:45:00,4135001,185545.178571,18134.6500001,43523.214285,7653618.143,HmiyD2TTLFNqkNe,28.069488466666662,42.7483944,0.7091465493333333,10,20068.013123622302,-1933.363123522304,1933.363123522304,True,1933.363123522304,0.483340780880576,0.048334078088057605
2020-05-22 11:45:00,4135001,275556.55357,26879.828571,64758.017857,7654577.0,HmiyD2TTLFNqkNe,30.58406566666667,60.62906306666667,1.0477749826666665,11,29867.828261682265,-2987.999690682267,2987.999690682267,True,2987.999690682267,0.7469999226705668,0.07469999226705669
2020-05-22 12:00:00,4135001,283826.625,27677.362499000003,71682.357142,7654902.25,HmiyD2TTLFNqkNe,30.824835714285715,62.21209042857143,1.0318606821428573,12,29493.568391359266,-1816.205892359263,1816.205892359263,True,1816.205892359263,0.45405147308981575,0.045405147308981576
2020-05-22 12:15:00,4135001,221449.339293,21636.85,77724.357143,7655172.571,HmiyD2TTLFNqkNe,30.752172866666665,57.925577800000006,0.8117554566666667,12,23387.264138114333,-1750.4141381143345,1750.4141381143345,True,1750.4141381143345,0.43760353452858364,0.043760353452858364
2020-05-22 12:30:00,4135001,207784.178565,20300.3875002,82999.232142,7655403.25,HmiyD2TTLFNqkNe,30.91771053333333,54.40039266666666,0.7624467326666666,12,21923.062690880924,-1622.675190680926,1622.675190680926,True,1622.675190680926,0.4056687976702315,0.04056687976702315
2020-05-22 12:45:00,4135001,248848.678574,24282.6250013,88505.214285,7655628.286,HmiyD2TTLFNqkNe,31.41328526666667,55.89338740000001,0.917253122,12,26158.986794657183,-1876.361793357184,1876.361793357184,True,1876.361793357184,0.46909044833929603,0.0469090448339296
2020-05-23 10:45:00,4135001,216072.571427,21100.9803576,55557.732141,7661311.286,HmiyD2TTLFNqkNe,28.60254713333333,49.08473493333334,0.8168375646666667,10,23210.66012370454,-2109.6797661045384,2109.6797661045384,True,2109.6797661045384,0.5274199415261346,0.052741994152613464
2020-05-23 12:15:00,4135001,292463.33928,28516.901786,94647.714285,7663076.125,HmiyD2TTLFNqkNe,31.26550906666667,63.34182940000001,1.112296618,12,31706.73912012976,-3189.8373341297597,3189.8373341297597,True,3189.8373341297597,0.7974593335324399,0.079745933353244
2020-05-23 12:30:00,4135001,262909.53572,25656.232141,101514.071429,7663400.143,HmiyD2TTLFNqkNe,31.12965493333333,65.54571366666664,0.954939324,12,27537.45020101744,-1881.21806001744,1881.21806001744,True,1881.21806001744,0.47030451500436,0.047030451500436
2020-05-23 13:45:00,4135001,275449.71428,26860.405357,131243.410715,7664742.875,HmiyD2TTLFNqkNe,32.819391,62.57647933333334,0.9900849466666666,13,28366.31306728978,-1505.907710289779,1505.907710289779,True,1505.907710289779,0.3764769275724448,0.03764769275724448
2020-05-23 15:15:00,4135001,166923.160714,16339.4160715,157866.517857,7665933.429,HmiyD2TTLFNqkNe,32.6603392,46.35074433333333,0.485598238,15,14128.87987992784,2210.5361915721587,2210.5361915721587,True,2210.5361915721587,0.5526340478930397,0.05526340478930397
2020-05-24 09:15:00,4135001,151049.107144,14791.325,25102.125,7668377.714,HmiyD2TTLFNqkNe,27.404044666666664,41.316923333333335,0.4188771033333333,9,12176.803245216448,2614.5217547835528,2614.5217547835528,True,2614.5217547835528,0.6536304386958882,0.06536304386958883
2020-05-24 09:30:00,4135001,179945.374999,17605.9589287,29390.303573,7668582.75,HmiyD2TTLFNqkNe,27.864129466666668,43.693817200000005,0.56387132,9,16180.626407484298,1425.3325212157033,1425.3325212157033,True,1425.3325212157033,0.3563331303039258,0.035633313030392584
2020-05-24 09:45:00,4135001,138602.357143,13575.3571429,33331.125,7668764.571,HmiyD2TTLFNqkNe,27.86592971428571,42.949353714285714,0.51719428,9,14891.70956718909,-1316.352424289089,1316.352424289089,True,1316.352424289089,0.32908810607227224,0.032908810607227224
2020-05-24 10:15:00,4135001,186227.107147,18202.8107142,40833.75,7669095.429,HmiyD2TTLFNqkNe,28.488832533333333,43.78831386666667,0.585474618,10,16762.842244554948,1439.9684696450531,1439.9684696450531,True,1439.9684696450531,0.3599921174112633,0.03599921174112633
2020-05-24 11:30:00,4135001,255182.66071,24898.628571,69591.178571,7670477.75,HmiyD2TTLFNqkNe,30.648152666666665,58.192274733333335,0.9587208273333332,11,27370.647253340663,-2472.018682340662,2472.018682340662,True,2472.018682340662,0.6180046705851655,0.06180046705851655
2020-05-24 12:00:00,4135001,261993.64287,25558.042857,82029.928572,7671055.0,HmiyD2TTLFNqkNe,30.96598713333333,58.3223184,0.966907858,12,27593.228827904462,-2035.1859709044656,2035.1859709044656,True,2035.1859709044656,0.5087964927261164,0.05087964927261164
2020-05-24 12:30:00,4135001,256224.94643,24999.141072,95180.464286,7671660.0,HmiyD2TTLFNqkNe,31.858768666666663,60.43083146666667,0.9489071126666666,12,27180.660695705737,-2181.519623705739,2181.519623705739,True,2181.519623705739,0.5453799059264347,0.05453799059264347
2020-05-24 13:30:00,4135001,209572.089284,20462.8678573,120442.339285,7672806.429,HmiyD2TTLFNqkNe,33.08275935714286,61.57563135714286,0.7931582364285715,13,23006.705790560907,-2543.8379332609074,2543.8379332609074,True,2543.8379332609074,0.6359594833152269,0.0635959483315227
2020-05-24 14:00:00,4135001,196984.374998,19252.7482145,131590.285715,7673297.143,HmiyD2TTLFNqkNe,33.68083073333334,59.173854533333326,0.833392598,14,23999.707632935595,-4746.959418435596,4746.959418435596,True,4746.959418435596,1.186739854608899,0.1186739854608899
2020-05-24 14:30:00,4135001,178910.839286,17492.4910711,142179.589287,7673757.0,HmiyD2TTLFNqkNe,33.78651526666667,56.12368146666666,0.6665665693333332,14,19378.078602198948,-1885.5875310989468,1885.5875310989468,True,1885.5875310989468,0.4713968827747367,0.04713968827747367
2020-05-24 15:15:00,4135001,131077.625001,12838.7535714,155515.410713,7674337.375,HmiyD2TTLFNqkNe,33.761303733333335,54.00686426666665,0.476600342,15,14164.686727326976,-1325.933155926974,1325.933155926974,True,1325.933155926974,0.3314832889817435,0.03314832889817435
2020-05-25 14:45:00,4135001,206287.821428,20173.3464277,160924.821429,7682605.857,HmiyD2TTLFNqkNe,34.09684771428572,54.98997742857143,0.760303092142857,14,21867.18289006545,-1693.836462365456,1693.836462365456,True,1693.836462365456,0.423459115591364,0.042345911559136404
2020-05-25 15:30:00,4135001,173667.803571,16997.9160714,175643.750001,7683230.714,HmiyD2TTLFNqkNe,34.278066,49.945772133333335,0.5049492813333333,15,14777.138175306696,2220.777896093303,2220.777896093303,True,2220.777896093303,0.5551944740233257,0.05551944740233257
2020-05-26 10:30:00,4135001,259007.642869,25270.4482157,54885.892857,7686538.143,HmiyD2TTLFNqkNe,29.5801188,57.320168,0.9841090573333332,10,28031.52407924473,-2761.075863544731,2761.075863544731,True,2761.075863544731,0.6902689658861827,0.06902689658861827
2020-05-26 11:00:00,4135001,268067.80357,26148.817858,67192.732144,7687122.143,HmiyD2TTLFNqkNe,30.10053313333333,56.94452306666666,0.988618098666667,11,28134.901079930245,-1986.0832219302465,1986.0832219302465,True,1986.0832219302465,0.4965208054825616,0.049652080548256164
2020-05-26 12:00:00,4135001,231785.232143,22622.5124997,88563.196428,7688101.625,HmiyD2TTLFNqkNe,30.900615071428568,53.412794,0.6880905792857142,12,19877.30047073737,2745.2120289626328,2745.2120289626328,True,2745.2120289626328,0.6863030072406582,0.06863030072406583
2020-05-26 12:15:00,4135001,278563.46427,27163.685712,95071.107143,7688403.0,HmiyD2TTLFNqkNe,31.35813793333333,59.133262,1.0541559813333337,12,29978.867738635192,-2815.1820266351933,2815.1820266351933,True,2815.1820266351933,0.7037955066587983,0.07037955066587984
2020-05-26 12:45:00,4135001,268710.58929,26211.308927,105773.517856,7688870.143,HmiyD2TTLFNqkNe,32.030253133333325,59.7176536,1.008637932,12,28767.2455529344,-2555.9366259343988,2555.9366259343988,True,2555.9366259343988,0.6389841564835997,0.06389841564835998
2020-05-26 13:00:00,4135001,180054.482144,17596.3964286,111777.982144,7689123.5,HmiyD2TTLFNqkNe,32.626951000000005,60.1761166,0.6823728553333333,13,19963.52659136891,-2367.13016276891,2367.13016276891,True,2367.13016276891,0.5917825406922275,0.05917825406922275
2020-05-26 13:15:00,4135001,189248.482147,18488.0821428,115231.160712,7689294.0,HmiyD2TTLFNqkNe,32.06863799999999,50.04413893333333,0.5918467893333333,13,17143.753835600415,1344.3283071995866,1344.3283071995866,True,1344.3283071995866,0.33608207679989666,0.03360820767998967
2020-05-26 14:00:00,4135001,182414.75,17828.3107143,132940.892858,7690109.625,HmiyD2TTLFNqkNe,33.488021,59.663859200000005,0.7188153760000001,14,20922.95582830561,-3094.6451140056124,3094.6451140056124,True,3094.6451140056124,0.7736612785014031,0.07736612785014031
2020-05-26 14:30:00,4135001,158090.5,15467.0714284,138803.267858,7690395.375,HmiyD2TTLFNqkNe,32.27215373333334,44.45963126666666,0.445260018,14,12972.463968500271,2494.6074598997275,2494.6074598997275,True,2494.6074598997275,0.6236518649749319,0.06236518649749319
2020-05-26 15:30:00,4135001,177462.785715,17367.2392857,149931.839287,7690895.714,HmiyD2TTLFNqkNe,32.8598512,46.55671166666666,0.5361376973333333,15,15501.125511058632,1866.1137746413697,1866.1137746413697,True,1866.1137746413697,0.4665284436603424,0.04665284436603424
2020-05-27 09:30:00,4135001,189068.672619,18493.119643,31056.928572,7693308.0,HmiyD2TTLFNqkNe,28.570597266666667,49.2665142,0.690779268,9,19813.26445338635,-1320.1448103863477,1320.1448103863477,True,1320.1448103863477,0.3300362025965869,0.03300362025965869
2020-05-27 10:00:00,4135001,179902.3,17598.7166666,40767.083334,7693818.0,HmiyD2TTLFNqkNe,29.011586333333334,47.639289111111104,0.66640501,10,19090.088154969977,-1491.371488369976,1491.371488369976,True,1491.371488369976,0.372842872092494,0.0372842872092494
2020-05-27 11:30:00,4135001,268791.66666,26215.605953,67300.309525,7695007.875,HmiyD2TTLFNqkNe,31.295017400000003,60.84368073333333,0.965868116,11,27659.0196113883,-1443.413658388301,1443.413658388301,True,1443.413658388301,0.36085341459707526,0.03608534145970753
2020-05-27 12:00:00,4135001,266222.5,25971.926785,79123.803571,7695522.143,HmiyD2TTLFNqkNe,31.9470338,62.420866,1.0365607706666664,12,29622.62185201685,-3650.6950670168553,3650.6950670168553,True,3650.6950670168553,0.9126737667542139,0.0912673766754214
2020-05-27 12:30:00,4135001,153139.910714,14987.6607144,88370.446429,7695931.0,HmiyD2TTLFNqkNe,32.095951199999995,51.93161206666666,0.5748687466666667,12,16756.858472168726,-1769.1977577687248,1769.1977577687248,True,1769.1977577687248,0.4422994394421812,0.04422994394421812
2020-05-27 12:45:00,4135001,171476.785713,16768.9500002,92915.589284,7696121.625,HmiyD2TTLFNqkNe,32.27157786666667,53.3307006,0.6274043513333333,12,18227.503635283618,-1458.5536350836192,1458.5536350836192,True,1458.5536350836192,0.3646384087709048,0.03646384087709048
2020-05-27 14:30:00,4135001,208009.125003,20327.0464284,113979.928572,7697098.571,HmiyD2TTLFNqkNe,32.7693424,47.220991733333335,0.6554787686666667,14,18752.79125089377,1574.2551775062348,1574.2551775062348,True,1574.2551775062348,0.3935637943765587,0.039356379437655874
2020-05-28 10:30:00,4135001,216263.535715,21123.5321433,54813.964285,7701068.625,HmiyD2TTLFNqkNe,29.4800944,54.2505046,0.8182360253333333,10,23435.96692599753,-2312.4347826975354,2312.4347826975354,True,2312.4347826975354,0.5781086956743838,0.05781086956743839
2020-05-28 12:15:00,4135001,284571.65237,27749.459999,98953.97619,7703100.4,HmiyD2TTLFNqkNe,32.29975366666667,60.04074324999999,1.0637222583333332,12,30266.29305630128,-2516.833057301279,2516.833057301279,True,2516.833057301279,0.6292082643253197,0.06292082643253198
2020-05-28 13:15:00,4135001,227630.35716,22218.7803559,124748.517856,7704217.125,HmiyD2TTLFNqkNe,33.30490126666667,61.48070286666666,0.87740903,13,25278.55354570475,-3059.773189804753,3059.773189804753,True,3059.773189804753,0.7649432974511883,0.07649432974511883
2020-05-28 14:15:00,4135001,105308.642857,10330.6857143,142729.696429,7705027.25,HmiyD2TTLFNqkNe,32.78992792857142,46.81591135714286,0.4033134171428571,14,11923.979357400289,-1593.2936431002872,1593.2936431002872,True,1593.2936431002872,0.39832341077507183,0.03983234107750719
2020-05-28 14:30:00,4135001,179159.12499799998,17519.4607142,146175.589288,7705185.571,HmiyD2TTLFNqkNe,32.84624806666667,48.51458733333333,0.5518274599999999,14,15999.757470680495,1519.7032435195033,1519.7032435195033,True,1519.7032435195033,0.3799258108798758,0.03799258108798759
2020-05-28 14:45:00,4135001,177523.452382,17363.8178572,150120.208333,7705361.429,HmiyD2TTLFNqkNe,32.96533184615384,46.83451484615385,0.5377807876923076,14,15557.16479538006,1806.6530618199397,1806.6530618199397,True,1806.6530618199397,0.4516632654549849,0.04516632654549849
2020-05-29 11:45:00,4135001,277691.32143,27085.746429,76722.5,7710268.0,HmiyD2TTLFNqkNe,29.452115866666663,57.48017959999999,1.0518955426666667,11,29867.897293188347,-2782.1508641883484,2782.1508641883484,True,2782.1508641883484,0.6955377160470871,0.06955377160470871
2020-05-29 13:30:00,4135001,241203.96426,23555.8982153,120840.499999,7712262.143,HmiyD2TTLFNqkNe,31.451491266666668,58.442191666666666,0.870920262,13,24999.721762274337,-1443.8235469743377,1443.8235469743377,True,1443.8235469743377,0.3609558867435844,0.03609558867435844
2020-05-30 10:00:00,4135001,102686.178572,10074.8696428,25572.767857,7716003.0,HmiyD2TTLFNqkNe,24.9230428,32.240460133333336,0.304070602,10,8748.10606367841,1326.7635791215907,1326.7635791215907,True,1326.7635791215907,0.3316908947803977,0.03316908947803977
2020-05-30 10:15:00,4135001,95839.785715,9409.9999999,27946.410715,7716103.429,HmiyD2TTLFNqkNe,24.95966,30.926380785714283,0.2776844828571428,10,7986.115403412968,1423.8845964870316,1423.8845964870316,True,1423.8845964870316,0.35597114912175787,0.035597114912175785
2020-05-30 10:30:00,4135001,115928.25,11363.7946429,30574.696427,7716220.5,HmiyD2TTLFNqkNe,24.808402466666667,30.401300066666664,0.3370152366666666,10,9570.5213179758,1793.273324924201,1793.273324924201,True,1793.273324924201,0.44831833123105025,0.04483183312310503
2020-05-30 10:45:00,4135001,117660.57143,11533.0624999,33431.714286,7716349.286,HmiyD2TTLFNqkNe,24.85946453333333,32.48247873333333,0.348691926,10,9963.117470682264,1569.9450292177353,1569.9450292177353,True,1569.9450292177353,0.3924862573044338,0.03924862573044338
2020-05-30 11:00:00,4135001,143787.696429,14084.3875,36548.642857,7716488.625,HmiyD2TTLFNqkNe,25.07773446666667,35.4601398,0.4262679866666666,11,12166.965439154916,1917.422060845085,1917.422060845085,True,1917.422060845085,0.4793555152112713,0.047935551521127134
2020-05-30 11:15:00,4135001,224149.749998,21900.1767863,40950.125,7716687.143,HmiyD2TTLFNqkNe,25.542982933333327,41.660313,0.715572958,11,20212.21018972777,1687.9665965722234,1687.9665965722234,True,1687.9665965722234,0.4219916491430558,0.04219916491430559
2020-05-30 12:00:00,4135001,298937.78571,29150.212499,56379.5,7717387.625,HmiyD2TTLFNqkNe,27.0928548,57.691178466666656,1.151102274,12,32566.50085923499,-3416.2883602349903,3416.2883602349903,True,3416.2883602349903,0.8540720900587475,0.08540720900587476
2020-05-30 12:15:00,4135001,218205.857148,21316.4857136,63097.642857,7717694.286,HmiyD2TTLFNqkNe,27.6734152,62.91643313333333,0.7998236226666667,12,23265.989616388448,-1949.5039027884488,1949.5039027884488,True,1949.5039027884488,0.4873759756971122,0.04873759756971122
2020-05-30 12:30:00,4135001,283435.66072,27642.699999,68734.660715,7717944.125,HmiyD2TTLFNqkNe,28.24220935714285,60.84071814285714,1.1225500642857145,12,31906.21051054764,-4263.510511547636,4263.510511547636,True,4263.510511547636,1.065877627886909,0.10658776278869092
2020-05-30 13:15:00,4135001,255671.99999,24953.001787,85638.571428,7718706.143,HmiyD2TTLFNqkNe,28.9500306,56.0328042,0.9492787793333332,13,27040.18746136793,-2087.1856743679277,2087.1856743679277,True,2087.1856743679277,0.5217964185919819,0.05217964185919819
2020-05-31 10:15:00,4135001,229862.089286,22443.6642865,34718.178571,7723469.75,HmiyD2TTLFNqkNe,27.000671500000003,42.06565842857143,0.7297147092857142,10,20603.836666215346,1839.827620284657,1839.827620284657,True,1839.827620284657,0.45995690507116427,0.04599569050711643
2020-05-31 10:30:00,4135001,273246.25001,26651.289287,41184.482143,7723760.143,HmiyD2TTLFNqkNe,27.968046,52.7022728,1.0191648606666668,10,28815.327524968518,-2164.0382379685143,2164.0382379685143,True,2164.0382379685143,0.5410095594921286,0.05410095594921286
2020-05-31 11:00:00,4135001,184159.321429,18002.807143,51707.946428,7724229.429,HmiyD2TTLFNqkNe,28.0176412,47.200712266666656,0.5205349913333333,11,15135.49572060672,2867.3114223932826,2867.3114223932826,True,2867.3114223932826,0.7168278555983206,0.07168278555983207
2020-05-31 11:15:00,4135001,229596.714278,22416.208929,56957.767857,7724438.5,HmiyD2TTLFNqkNe,28.252118,47.370047933333325,0.6365820806666665,11,18276.256079685423,4139.952849314577,4139.952849314577,True,4139.952849314577,1.0349882123286442,0.10349882123286443
2020-05-31 11:30:00,4135001,249415.000002,24340.4357148,62564.767858,7724667.571,HmiyD2TTLFNqkNe,28.6178812,48.29328619999999,0.7692376179999999,11,21893.1368908288,2447.298823971203,2447.298823971203,True,2447.298823971203,0.6118247059928008,0.06118247059928009
2020-05-31 11:45:00,4135001,176738.874999,17281.0482143,68220.160714,7724914.75,HmiyD2TTLFNqkNe,29.2730122,51.366605533333335,0.5181913166666666,11,15220.60787560502,2060.4403386949816,2060.4403386949816,True,2060.4403386949816,0.5151100846737454,0.051511008467374546
2020-05-31 12:45:00,4135001,285725.94643,27863.723214,86665.232142,7725708.286,HmiyD2TTLFNqkNe,30.28202614285715,56.95899535714286,1.034329982142857,12,29367.823748402647,-1504.1005344026453,1504.1005344026453,True,1504.1005344026453,0.3760251336006613,0.037602513360066134
2020-05-31 13:15:00,4135001,139167.875,13622.2839285,96693.214287,7726195.571,HmiyD2TTLFNqkNe,30.6310384,54.56202766666667,0.5263585046666664,13,15549.433256533765,-1927.1493280337652,1927.1493280337652,True,1927.1493280337652,0.4817873320084413,0.048178733200844134
2020-05-31 14:00:00,4135001,235536.392865,22991.6160713,107160.44643,7726696.0,HmiyD2TTLFNqkNe,30.8515666,55.29098946666667,0.8758627453333333,14,25017.355006027166,-2025.7389347271676,2025.7389347271676,True,2025.7389347271676,0.5064347336817919,0.0506434733681792
2020-06-01 10:15:00,4135001,192867.482144,18858.0660714,42972.017857,7729804.429,HmiyD2TTLFNqkNe,28.367919866666668,49.108597866666656,0.7230391853333333,10,20678.25349882004,-1820.1874274200416,1820.1874274200416,True,1820.1874274200416,0.4550468568550104,0.04550468568550104
2020-06-01 10:45:00,4135001,254958.57144,24875.085714,54845.107143,7730330.429,HmiyD2TTLFNqkNe,29.4410646,56.354778933333336,0.931341062,10,26570.53166798868,-1695.4459539886811,1695.4459539886811,True,1695.4459539886811,0.42386148849717026,0.04238614884971703
2020-06-01 11:00:00,4135001,234969.160727,22940.2035695,60939.857144,7730613.571,HmiyD2TTLFNqkNe,29.58492026666667,58.597363133333324,1.016641412,11,28956.15428050373,-6015.950711003734,6015.950711003734,True,6015.950711003734,1.5039876777509336,0.15039876777509337
2020-06-01 11:15:00,4135001,222976.51787,21767.885714,66778.160715,7730896.125,HmiyD2TTLFNqkNe,29.76473564285714,55.351970142857134,0.4945148071428571,11,14726.467313554858,7041.418400445142,7041.418400445142,True,7041.418400445142,1.7603546001112855,0.17603546001112857
2020-06-01 11:30:00,4135001,270574.482129,26393.8124987,72595.69643,7731188.429,HmiyD2TTLFNqkNe,29.817582266666665,54.12078233333333,1.0894755359999997,11,30756.62399113948,-4362.811492439476,4362.811492439476,True,4362.811492439476,1.090702873109869,0.10907028731098689
2020-06-01 12:15:00,4135001,151830.42857,14862.9482144,83619.482143,7731686.25,HmiyD2TTLFNqkNe,29.6550456,49.0828572,0.6197431146666665,12,17875.926733891847,-3012.978519491848,3012.978519491848,True,3012.978519491848,0.753244629872962,0.07532446298729621
2020-06-01 13:00:00,4135001,150720.732144,14748.5482143,92964.553572,7732080.857,HmiyD2TTLFNqkNe,28.995208666666663,39.9702698,0.4579382833333333,13,13166.707441062556,1581.8407732374435,1581.8407732374435,True,1581.8407732374435,0.3954601933093609,0.03954601933093609
2020-06-01 13:30:00,4135001,214543.107135,20957.7464294,102786.910715,7732516.143,HmiyD2TTLFNqkNe,27.7970438,36.62138300000001,0.6673560326666667,13,18706.928303634828,2250.8181257651704,2250.8181257651704,True,2250.8181257651704,0.5627045314412926,0.05627045314412926
2020-06-02 10:45:00,4135001,203475.160714,19899.0964285,54073.571429,7736031.429,HmiyD2TTLFNqkNe,27.363865266666664,43.500976533333336,0.6438703946666667,10,18335.7697669158,1563.326661584204,1563.326661584204,True,1563.326661584204,0.390831665396051,0.039083166539605106
2020-06-02 12:00:00,4135001,181179.446429,17731.1142858,74317.232143,7736957.0,HmiyD2TTLFNqkNe,27.46658328571429,40.11592957142858,0.5638615457142857,12,16043.852774924571,1687.2615108754253,1687.2615108754253,True,1687.2615108754253,0.4218153777188563,0.04218153777188563
2020-06-02 13:00:00,4135001,272950.94643,26622.589286,95876.392856,7737924.75,HmiyD2TTLFNqkNe,27.964561,48.2827824,0.8852643266666665,13,25027.468081909803,1595.1212040901955,1595.1212040901955,True,1595.1212040901955,0.3987803010225489,0.039878030102254894
2020-06-02 13:30:00,4135001,223013.05358,21793.3910717,108279.642857,7738487.75,HmiyD2TTLFNqkNe,27.636714733333328,45.63386426666667,0.7079364073333333,13,20139.187953320023,1654.2031183799772,1654.2031183799772,True,1654.2031183799772,0.4135507795949943,0.041355077959499435
2020-06-02 14:15:00,4135001,160173.339288,15683.8446428,123298.910714,7739161.625,HmiyD2TTLFNqkNe,26.947897642857143,39.81178307142858,0.5004139214285713,14,14317.086920743328,1366.7577220566727,1366.7577220566727,True,1366.7577220566727,0.34168943051416817,0.034168943051416815
2020-06-02 15:30:00,4135001,131311.553572,12866.8303571,142993.714285,7740039.143,HmiyD2TTLFNqkNe,26.279598133333334,36.349589,0.4026979686666666,15,11549.620050947367,1317.2103061526325,1317.2103061526325,True,1317.2103061526325,0.32930257653815814,0.03293025765381582
2020-06-02 15:45:00,4135001,143383.107142,14041.7089285,146222.553571,7740180.5,HmiyD2TTLFNqkNe,26.519590333333333,37.54320873333334,0.4304919446666666,15,12343.768944294996,1697.9399842050043,1697.9399842050043,True,1697.9399842050043,0.42448499605125106,0.04244849960512511
2020-06-03 10:30:00,4135001,193996.732143,18979.1160714,37824.482142,7742590.375,HmiyD2TTLFNqkNe,26.6612375,39.588428785714285,0.615580315,10,17429.521466702554,1549.594604697446,1549.594604697446,True,1549.594604697446,0.38739865117436145,0.03873986511743615
2020-06-03 12:15:00,4135001,222223.196433,21724.2678579,77111.321428,7744369.0,HmiyD2TTLFNqkNe,28.058274466666663,47.815446,0.7152714659999999,12,20418.172710123672,1306.0951477763265,1306.0951477763265,True,1306.0951477763265,0.32652378694408163,0.032652378694408166
2020-06-03 12:45:00,4135001,275618.51785,26886.401787,89147.517856,7744903.625,HmiyD2TTLFNqkNe,28.792797866666664,51.43322746666667,0.8961615320000001,12,25436.643600993903,1449.7581860060964,1449.7581860060964,True,1449.7581860060964,0.3624395465015241,0.03624395465015241
2020-06-03 14:00:00,4135001,29698.0,2907.7,22406.0,7152815.0,,,,,14,6699.228645153022,-3791.528645153022,3791.528645153022,True,3791.528645153022,0.9478821612882554,0.09478821612882554
2020-06-03 15:15:00,4135001,241593.23214,23589.492858,146497.339286,7747519.25,HmiyD2TTLFNqkNe,28.85288293333333,50.806604,0.7781302413333333,15,22218.21507702817,1371.2777809718318,1371.2777809718318,True,1371.2777809718318,0.34281944524295793,0.034281944524295796
2020-06-04 09:00:00,4135001,168924.410714,16533.5017858,20423.8928571,7749570.429,HmiyD2TTLFNqkNe,26.23224886666667,41.591343,0.5240877666666666,9,15035.811102116186,1497.6906836838134,1497.6906836838134,True,1497.6906836838134,0.3744226709209533,0.03744226709209533
2020-06-04 09:15:00,4135001,144483.285714,14149.4196429,24191.285715,7749739.125,HmiyD2TTLFNqkNe,26.67907113333333,42.56844686666666,0.4329602066666666,9,12607.533698260291,1541.8859446397073,1541.8859446397073,True,1541.8859446397073,0.3854714861599268,0.038547148615992684
2020-06-04 09:30:00,4135001,146737.267857,14367.0321429,27772.517856,7749896.143,HmiyD2TTLFNqkNe,26.958341533333336,42.141090666666656,0.4031702393333333,9,11785.289753442208,2581.7423894577914,2581.7423894577914,True,2581.7423894577914,0.6454355973644479,0.0645435597364448
2020-06-04 10:45:00,4135001,268669.44643,26206.369643,51457.196428,7750941.25,HmiyD2TTLFNqkNe,28.609558066666665,53.49905786666666,0.9900746606666666,10,28055.64422983879,-1849.2745868387865,1849.2745868387865,True,1849.2745868387865,0.46231864670969663,0.046231864670969666
2020-06-04 12:30:00,4135001,205627.125004,20087.0196426,90474.642856,7752694.75,HmiyD2TTLFNqkNe,29.7818786,52.660978,0.7917845233333333,12,22656.916989304293,-2569.8973467042924,2569.8973467042924,True,2569.8973467042924,0.6424743366760731,0.06424743366760731
2020-06-04 12:45:00,4135001,179072.892858,17502.694642899998,94812.428571,7752878.429,HmiyD2TTLFNqkNe,29.397380285714288,47.38953071428571,0.5456316214285714,12,15811.77063414892,1690.924008751077,1690.924008751077,True,1690.924008751077,0.42273100218776927,0.04227310021877693
2020-06-04 13:00:00,4135001,271756.74999,26511.916072,100606.535715,7753143.25,HmiyD2TTLFNqkNe,30.0188802,53.659336200000006,0.9989916353333332,13,28289.816565145848,-1777.9004931458476,1777.9004931458476,True,1777.9004931458476,0.4444751232864619,0.04444751232864619
2020-06-04 13:15:00,4135001,273825.74999,26711.939287,107259.428571,7753461.714,HmiyD2TTLFNqkNe,30.470314466666665,57.810960066666674,1.0396661320000002,13,29540.86086708508,-2828.92158008508,2828.92158008508,True,2828.92158008508,0.70723039502127,0.07072303950212701
2020-06-04 14:30:00,4135001,154733.964286,15151.3607143,131269.892857,7754519.0,HmiyD2TTLFNqkNe,29.053249066666663,43.63637693333334,0.4784254099999999,14,13854.3794687663,1296.9812455337014,1296.9812455337014,True,1296.9812455337014,0.3242453113834254,0.03242453113834254
2020-06-04 14:45:00,4135001,223138.4107,21798.5303571,135691.232144,7754727.286,HmiyD2TTLFNqkNe,29.025638800000003,45.191560933333335,0.6831317153333333,14,19443.59875769212,2354.931599407879,2354.931599407879,True,2354.931599407879,0.5887328998519697,0.058873289985196975
2020-06-04 15:15:00,4135001,183528.464286,17951.3964284,146938.089285,7755241.857,HmiyD2TTLFNqkNe,28.8240906,47.455545866666654,0.5762455473333332,15,16638.782256108083,1312.6141722919165,1312.6141722919165,True,1312.6141722919165,0.3281535430729791,0.032815354307297914
2020-06-05 09:00:00,4135001,160229.875,15682.0392858,19729.0535715,7757512.857,HmiyD2TTLFNqkNe,26.1081848,44.455601,0.4937874026666666,9,14324.15569556531,1357.883590234689,1357.883590234689,True,1357.883590234689,0.33947089755867227,0.03394708975586723
2020-06-05 11:15:00,4135001,235069.96428,22948.0250001,62553.035715,7759470.125,HmiyD2TTLFNqkNe,28.1088298,54.984794066666666,0.9138139586666668,11,26050.94347258609,-3102.9184724860897,3102.9184724860897,True,3102.9184724860897,0.7757296181215224,0.07757296181215224
2020-06-05 11:30:00,4135001,272287.25001,26560.648216,68571.303573,7759725.571,HmiyD2TTLFNqkNe,28.699442466666667,59.51716313333333,1.0468158086666666,11,29810.16847777288,-3249.520261772879,3249.520261772879,True,3249.520261772879,0.8123800654432198,0.08123800654432199
2020-06-05 11:45:00,4135001,253446.92858,24727.8160724,75286.821428,7760025.0,HmiyD2TTLFNqkNe,28.785264266666665,60.75704953333334,0.9516839406666668,11,27285.293514003974,-2557.4774416039727,2557.4774416039727,True,2557.4774416039727,0.6393693604009931,0.06393693604009931
2020-06-05 12:30:00,4135001,79516.0,7815.9214286,84266.928572,7760393.714,HmiyD2TTLFNqkNe,24.78254793333333,27.2943788,0.2201477426666666,12,6293.6523722109305,1522.2690563890692,1522.2690563890692,True,1522.2690563890692,0.3805672640972673,0.03805672640972674
2020-06-05 12:45:00,4135001,117978.464285,11566.9482142,86497.517855,7760491.286,HmiyD2TTLFNqkNe,23.833673,27.06917933333333,0.3283600913333332,12,9214.066471531443,2352.8817426685546,2352.8817426685546,True,2352.8817426685546,0.5882204356671387,0.05882204356671387
2020-06-05 13:00:00,4135001,185168.339286,18117.6553569,90352.517857,7760668.5,HmiyD2TTLFNqkNe,24.98657813333333,35.3831992,0.549665794,13,15495.14120651784,2622.514150382158,2622.514150382158,True,2622.514150382158,0.6556285375955394,0.06556285375955394
2020-06-05 13:15:00,4135001,177855.696426,17395.5839286,95096.035715,7760882.143,HmiyD2TTLFNqkNe,25.75082,43.90548686666667,0.5586564773333333,13,16050.911736136572,1344.6721924634294,1344.6721924634294,True,1344.6721924634294,0.3361680481158573,0.033616804811585736
2020-06-06 09:45:00,4135001,152192.75,14890.9053572,34003.821428,7765715.143,HmiyD2TTLFNqkNe,27.40662013333333,45.656620466666666,0.5831875886666666,9,16777.834352459886,-1886.9289952598865,1886.9289952598865,True,1886.9289952598865,0.4717322488149716,0.04717322488149717
2020-06-06 11:00:00,4135001,222312.410723,21711.9767849,58275.678571,7766794.857,HmiyD2TTLFNqkNe,29.0410462,52.9128622,0.833716566,11,23804.92582298702,-2092.9490380870197,2092.9490380870197,True,2092.9490380870197,0.5232372595217549,0.05232372595217549
2020-06-06 11:30:00,4135001,166092.928572,16228.2607143,68889.249997,7767306.143,HmiyD2TTLFNqkNe,29.662364357142856,49.18731492857143,0.442447935,11,13091.007818460415,3137.2528958395837,3137.2528958395837,True,3137.2528958395837,0.7843132239598959,0.0784313223959896
2020-06-06 12:45:00,4135001,191614.678572,18722.9892857,90195.857143,7768238.125,HmiyD2TTLFNqkNe,30.168788466666665,52.53135606666668,0.7886542966666666,12,22565.55238731101,-3842.563101611013,3842.563101611013,True,3842.563101611013,0.9606407754027532,0.09606407754027532
2020-06-06 13:30:00,4135001,184538.178571,18039.3196429,103280.232143,7768832.857,HmiyD2TTLFNqkNe,26.463971,30.740364866666663,0.5331907740000001,13,14869.920385722424,3169.399257177578,3169.399257177578,True,3169.399257177578,0.7923498142943944,0.07923498142943945
2020-06-06 14:00:00,4135001,166435.482142,16278.775,113311.214286,7769278.429,HmiyD2TTLFNqkNe,28.25725513333333,43.641306466666656,0.456957692,14,13278.538922971544,3000.236077028456,3000.236077028456,True,3000.236077028456,0.7500590192571139,0.0750059019257114
2020-06-06 15:00:00,4135001,89581.69643,8795.9767857,126712.410715,7769861.875,HmiyD2TTLFNqkNe,25.10567633333333,26.625590066666664,0.254934934,15,7201.562961101092,1594.4138245989088,1594.4138245989088,True,1594.4138245989088,0.3986034561497272,0.039860345614972724
2020-06-06 15:15:00,4135001,109195.142856,10706.4089287,129260.125,7769975.143,HmiyD2TTLFNqkNe,25.97744133333333,31.4134398,0.325346652,15,9277.632065134316,1428.7768635656848,1428.7768635656848,True,1428.7768635656848,0.3571942158914212,0.03571942158914212
2020-06-07 09:00:00,4135001,202221.678573,19779.9767857,16571.4107144,7771206.625,HmiyD2TTLFNqkNe,23.9829488,38.8167622,0.6309158766666667,9,17830.687709452068,1949.2890762479328,1949.2890762479328,True,1949.2890762479328,0.4873222690619832,0.04873222690619833
2020-06-07 10:00:00,4135001,147079.482145,14406.2428571,32563.80357,7771929.25,HmiyD2TTLFNqkNe,24.88059273333333,39.5672728,0.4554531606666666,10,13111.0591047981,1295.1837523019003,1295.1837523019003,True,1295.1837523019003,0.3237959380754751,0.032379593807547506
2020-06-07 10:15:00,4135001,171416.053572,16777.7017857,36294.267857,7772103.143,HmiyD2TTLFNqkNe,25.09010971428572,39.83215985714286,0.537035125,10,15324.229909670885,1453.4718760291144,1453.4718760291144,True,1453.4718760291144,0.3633679690072786,0.03633679690072786
2020-06-07 10:30:00,4135001,211331.089285,20661.7660714,40973.357143,7772311.25,HmiyD2TTLFNqkNe,25.68664953333333,43.83857633333333,0.6541739533333331,10,18635.250328893173,2026.515742506828,2026.515742506828,True,2026.515742506828,0.506628935626707,0.0506628935626707
2020-06-07 11:15:00,4135001,297395.28571,28999.726786,60431.517856,7773197.143,HmiyD2TTLFNqkNe,27.4672506,58.268178266666666,1.093312369333333,11,31026.378764183144,-2026.6519781831448,2026.6519781831448,True,2026.6519781831448,0.5066629945457862,0.05066629945457862
2020-06-07 12:15:00,4135001,254458.178577,24809.6964287,86498.410715,7774384.857,HmiyD2TTLFNqkNe,28.7483338,59.98777086666667,1.0242290946666668,12,29215.24962237553,-4405.553193675529,4405.553193675529,True,4405.553193675529,1.101388298418882,0.11013882984188822
2020-06-07 12:30:00,4135001,236053.64286,23015.158929,92361.071428,7774686.429,HmiyD2TTLFNqkNe,28.884908,59.149143266666655,1.00650392,12,28704.444217907705,-5689.285288907704,5689.285288907704,True,5689.285288907704,1.422321322226926,0.1422321322226926
2020-06-07 12:45:00,4135001,216342.749986,21093.375,97971.767858,7775002.0,HmiyD2TTLFNqkNe,29.4468058,57.7418068,0.9985397593333332,12,28434.08946524789,-7340.714465247885,7340.714465247885,True,7340.714465247885,1.8351786163119712,0.18351786163119713
2020-06-07 13:00:00,4135001,202254.80357,19719.926785,103008.892857,7775313.429,HmiyD2TTLFNqkNe,30.082822666666665,56.89508453333334,0.9434325606666668,13,26908.50661202627,-7188.579827026271,7188.579827026271,True,7188.579827026271,1.7971449567565678,0.17971449567565678
2020-06-07 13:15:00,4135001,203338.85713,19826.3875,107957.267857,7775615.625,HmiyD2TTLFNqkNe,30.003688533333328,56.585726,0.954714792,13,27202.26427114758,-7375.8767711475775,7375.8767711475775,True,7375.8767711475775,1.8439691927868944,0.18439691927868945
2020-06-07 13:30:00,4135001,178954.125001,17463.3696424,112725.910714,7775906.857,HmiyD2TTLFNqkNe,29.89033,55.8342632,0.8324597433333333,13,23871.51143479184,-6408.141792391842,6408.141792391842,True,6408.141792391842,1.6020354480979604,0.16020354480979604
2020-06-07 13:45:00,4135001,126293.803571,12356.475,116428.017858,7776126.625,HmiyD2TTLFNqkNe,29.951885866666665,49.84045633333334,0.5917694113333333,13,17144.85364755146,-4788.378647551459,4788.378647551459,True,4788.378647551459,1.1970946618878648,0.11970946618878649
2020-06-07 15:00:00,4135001,201447.857144,19677.5392857,136482.821429,7777118.286,HmiyD2TTLFNqkNe,30.049153666666665,45.10961906666667,0.62916335,15,17975.24030971235,1702.298975987651,1702.298975987651,True,1702.298975987651,0.42557474399691275,0.04255747439969128
2020-06-08 09:15:00,4135001,205203.45,20065.7540477,23230.566666,7779550.2,HmiyD2TTLFNqkNe,26.13696276923077,42.4293093076923,0.6613730869230768,9,18776.965957295277,1288.788090404727,1288.788090404727,True,1288.788090404727,0.32219702260118177,0.03221970226011818
2020-06-08 13:15:00,4135001,195440.517858,19091.5392857,115418.375001,7783744.375,HmiyD2TTLFNqkNe,30.076267400000003,53.77259313333333,0.7097949053333333,13,20479.471917432445,-1387.9326317324449,1387.9326317324449,True,1387.9326317324449,0.34698315793311124,0.034698315793311126
2020-06-08 13:30:00,4135001,177761.607143,17375.4946429,119334.017858,7783923.571,HmiyD2TTLFNqkNe,29.864121533333336,48.110203000000006,0.6660282526666667,13,19087.513317143173,-1712.0186742431724,1712.0186742431724,True,1712.0186742431724,0.4280046685607931,0.042800466856079314
2020-06-08 13:45:00,4135001,219581.285706,21441.9821424,124397.464286,7784150.625,HmiyD2TTLFNqkNe,30.200903066666665,51.813018666666665,0.8238694766666665,13,23488.373321355117,-2046.391178955113,2046.391178955113,True,2046.391178955113,0.5115977947387782,0.05115977947387782
2020-06-08 14:45:00,4135001,211796.232142,20703.3839286,147114.892858,7785172.25,HmiyD2TTLFNqkNe,30.929628642857143,52.4254235,0.6676724242857142,14,19285.04014868745,1418.343779912546,1418.343779912546,True,1418.343779912546,0.3545859449781365,0.035458594497813654
2020-06-08 15:45:00,4135001,157131.321429,15379.8589286,165405.357143,7786001.5,HmiyD2TTLFNqkNe,30.492716666666663,44.21325053333334,0.4645947773333333,15,13492.935396184925,1886.9235324150775,1886.9235324150775,True,1886.9235324150775,0.47173088310376937,0.04717308831037694
2020-06-09 10:45:00,4135001,261122.69643,25473.548214,58064.142856,7789427.143,HmiyD2TTLFNqkNe,29.42598253333333,55.1536072,0.9500225986666668,10,27030.75389486972,-1557.2056808697198,1557.2056808697198,True,1557.2056808697198,0.38930142021742997,0.038930142021743
2020-06-09 11:00:00,4135001,254276.446447,24809.4107143,64226.964286,7789692.125,HmiyD2TTLFNqkNe,29.910441928571423,55.183059642857145,0.94011294,11,26759.76712607843,-1950.35641177843,1950.35641177843,True,1950.35641177843,0.4875891029446075,0.04875891029446075
2020-06-09 11:15:00,4135001,256626.214294,25040.3982142,70875.910714,7789993.429,HmiyD2TTLFNqkNe,30.3790954,57.830800333333336,0.9227545226666668,11,26386.75091002929,-1346.3526958292932,1346.3526958292932,True,1346.3526958292932,0.3365881739573233,0.033658817395732336
2020-06-09 13:00:00,4135001,231780.517869,22625.0178564,108101.267857,7791686.75,HmiyD2TTLFNqkNe,30.5386128,54.49439886666666,0.84871055,13,24257.52743312994,-1632.509576729939,1632.509576729939,True,1632.509576729939,0.4081273941824847,0.04081273941824848
2020-06-09 13:15:00,4135001,231578.00001,22611.383928,114162.875001,7791952.429,HmiyD2TTLFNqkNe,31.37843957142857,59.80717471428572,0.8512261735714286,13,24518.67570056302,-1907.2917725630211,1907.2917725630211,True,1907.2917725630211,0.4768229431407553,0.04768229431407553
2020-06-09 14:30:00,4135001,191380.803571,18709.3482144,135646.821428,7792914.0,HmiyD2TTLFNqkNe,30.8700052,46.78769106666667,0.5976702813333334,14,17184.324556986623,1525.0236574133778,1525.0236574133778,True,1525.0236574133778,0.38125591435334444,0.03812559143533445
2020-06-10 12:15:00,4135001,228835.071432,22341.7339284,72469.482142,7798000.875,HmiyD2TTLFNqkNe,30.189037933333328,54.239634266666656,0.869060306,12,24801.552473771164,-2459.818545371163,2459.818545371163,True,2459.818545371163,0.6149546363427908,0.06149546363427908
2020-06-10 12:30:00,4135001,267808.94644,26125.028572,78178.67857,7798250.571,HmiyD2TTLFNqkNe,30.080072133333328,53.7302392,0.8686483159999999,12,24772.04303984654,1352.9855321534596,1352.9855321534596,True,1352.9855321534596,0.3382463830383649,0.033824638303836495
2020-06-10 13:45:00,4135001,207197.017862,20263.8839285,106093.107143,7799488.714,HmiyD2TTLFNqkNe,31.30421228571429,51.35374028571429,0.6546923735714285,13,18894.433525882538,1369.4504026174618,1369.4504026174618,True,1369.4504026174618,0.34236260065436547,0.03423626006543655
2020-06-10 15:15:00,4135001,76069.892859,7473.2428571,123197.000001,7800257.571,HmiyD2TTLFNqkNe,24.0490642,25.863409466666663,0.2161701353333333,15,6131.161311295263,1342.0815458047373,1342.0815458047373,True,1342.0815458047373,0.3355203864511843,0.03355203864511843
2020-06-10 15:30:00,4135001,102774.017856,10084.1303573,125519.160713,7800363.0,HmiyD2TTLFNqkNe,25.028104666666668,29.65835566666667,0.2919487846666666,15,8314.802429413096,1769.327927886905,1769.327927886905,True,1769.327927886905,0.44233198197172624,0.04423319819717263
2020-06-11 09:30:00,4135001,97882.660715,9610.5607143,15374.125,7801789.0,HmiyD2TTLFNqkNe,24.4268352,33.25334266666667,0.286548186,9,8316.6594194822,1293.9012948178006,1293.9012948178006,True,1293.9012948178006,0.32347532370445015,0.03234753237044501
2020-06-11 09:45:00,4135001,104898.625001,10287.6714286,17859.9464286,7801900.857,HmiyD2TTLFNqkNe,24.623516666666664,34.098657333333335,0.30827921,9,8934.259628725154,1353.411799874846,1353.411799874846,True,1353.411799874846,0.3383529499687115,0.03383529499687115
2020-06-11 10:00:00,4135001,113149.071428,11091.9714286,20536.4464287,7802013.857,HmiyD2TTLFNqkNe,24.80515553333333,34.56906553333334,0.3341347466666667,10,9647.596030388468,1444.3753982115322,1444.3753982115322,True,1444.3753982115322,0.36109384955288304,0.03610938495528831
2020-06-11 10:15:00,4135001,123134.196428,12068.0660714,23415.6607133,7802143.125,HmiyD2TTLFNqkNe,25.031361933333333,35.71532393333333,0.3664925886666666,10,10563.373151819982,1504.6929195800185,1504.6929195800185,True,1504.6929195800185,0.3761732298950046,0.03761732298950046
2020-06-11 10:30:00,4135001,125721.196428,12320.907143,26486.660714,7802282.857,HmiyD2TTLFNqkNe,25.47613733333333,36.90983686666667,0.3750224913333333,10,10835.987905369828,1484.9192376301726,1484.9192376301726,True,1484.9192376301726,0.37122980940754313,0.037122980940754315
2020-06-11 10:45:00,4135001,130335.696428,12771.4357142,29531.678572,7802420.75,HmiyD2TTLFNqkNe,25.753749666666668,36.50444326666668,0.388530498,10,11184.504770943173,1586.9309432568298,1586.9309432568298,True,1586.9309432568298,0.3967327358142074,0.03967327358142075
2020-06-11 11:00:00,4135001,158339.37499799998,15504.9285714,33075.160716,7802584.714,HmiyD2TTLFNqkNe,26.2963116,38.61497386666667,0.4865309580000001,11,13906.357248510474,1598.5713228895256,1598.5713228895256,True,1598.5713228895256,0.3996428307223814,0.03996428307223814
2020-06-11 11:15:00,4135001,171464.625001,16784.8607143,37251.214286,7802772.375,HmiyD2TTLFNqkNe,26.492523071428568,40.41920307142857,0.5315657121428571,11,15189.27711025912,1595.5836040408794,1595.5836040408794,True,1595.5836040408794,0.3988959010102199,0.03988959010102199
2020-06-11 11:30:00,4135001,161230.392858,15787.1125,41256.714287,7802952.571,HmiyD2TTLFNqkNe,26.57368573333333,40.655814933333325,0.4960136759999999,11,14237.021497313748,1550.0910026862512,1550.0910026862512,True,1550.0910026862512,0.3875227506715628,0.03875227506715628
2020-06-11 11:45:00,4135001,181510.267857,17764.0821428,45436.5,7803140.25,HmiyD2TTLFNqkNe,26.907450200000007,42.12864373333333,0.5611673299999999,11,16050.550217675536,1713.5319251244655,1713.5319251244655,True,1713.5319251244655,0.42838298128111635,0.042838298128111636
2020-06-11 12:00:00,4135001,204194.196429,19972.9375002,50091.857143,7803352.286,HmiyD2TTLFNqkNe,27.16000973333333,43.574774533333326,0.6383058133333332,12,18185.48254536644,1787.4549548335635,1787.4549548335635,True,1787.4549548335635,0.44686373870839086,0.04468637387083909
2020-06-11 12:15:00,4135001,196331.821428,19207.2392858,55094.053572,7803581.625,HmiyD2TTLFNqkNe,27.4697428,43.46879073333333,0.6140467053333332,12,17524.474221600274,1682.7650641997243,1682.7650641997243,True,1682.7650641997243,0.42069126604993107,0.04206912660499311
2020-06-11 12:45:00,4135001,127862.375,12529.1107142,63349.910715,7803956.375,HmiyD2TTLFNqkNe,27.667081733333337,39.6965698,0.384930638,12,11192.432435497332,1336.6782787026675,1336.6782787026675,True,1336.6782787026675,0.33416956967566686,0.033416956967566684
2020-06-11 13:00:00,4135001,148878.142859,14581.6714284,66770.142858,7804111.143,HmiyD2TTLFNqkNe,27.793925066666667,40.65225413333333,0.4614137253333333,13,13292.067713009385,1289.6037153906182,1289.6037153906182,True,1289.6037153906182,0.32240092884765453,0.03224009288476545
2020-06-11 13:15:00,4135001,160402.625,15706.0875,70525.125,7804285.125,HmiyD2TTLFNqkNe,27.97164264285714,40.74435871428572,0.5024805850000001,13,14404.23744977962,1301.8500502203806,1301.8500502203806,True,1301.8500502203806,0.3254625125550951,0.032546251255509515
2020-06-11 13:45:00,4135001,140998.017857,13812.7107143,76852.946428,7804566.875,HmiyD2TTLFNqkNe,27.88819186666667,37.721638866666666,0.4294617333333333,13,12319.314021661005,1493.3966926389949,1493.3966926389949,True,1493.3966926389949,0.3733491731597487,0.03733491731597487
2020-06-11 14:15:00,4135001,206915.000003,20225.8785719,84691.125,7804909.571,HmiyD2TTLFNqkNe,28.652787199999995,42.90342799999999,0.6541221086666666,14,18576.60174588371,1649.276826016292,1649.276826016292,True,1649.276826016292,0.412319206504073,0.0412319206504073
2020-06-11 14:30:00,4135001,227661.517851,22239.7392857,90093.892857,7805157.125,HmiyD2TTLFNqkNe,28.91200753333333,46.4054178,0.702585196,14,20014.932365322977,2224.8069203770247,2224.8069203770247,True,2224.8069203770247,0.5562017300942561,0.055620173009425615
2020-06-11 15:45:00,4135001,139426.303571,13658.9732142,109161.357143,7806014.143,HmiyD2TTLFNqkNe,28.490726733333336,39.98254813333334,0.4242669086666667,15,12256.200379807477,1402.7728343925228,1402.7728343925228,True,1402.7728343925228,0.3506932085981307,0.03506932085981307
2020-06-12 09:45:00,4135001,142755.553571,13984.3214286,19722.1785714,7807552.143,HmiyD2TTLFNqkNe,24.682629266666662,35.93726406666667,0.4422391126666667,9,12621.96268892991,1362.3587396700896,1362.3587396700896,True,1362.3587396700896,0.3405896849175224,0.03405896849175224
2020-06-12 10:15:00,4135001,169544.928571,16596.8767859,26555.178571,7807864.286,HmiyD2TTLFNqkNe,25.262884466666662,37.78594966666667,0.50926205,10,14496.86187574178,2100.014910158221,2100.014910158221,True,2100.014910158221,0.5250037275395553,0.052500372753955526
2020-06-12 10:30:00,4135001,180048.44643,17620.9053572,30774.214287,7808062.125,HmiyD2TTLFNqkNe,25.460363866666665,37.3852784,0.5591777066666666,10,15829.717234750333,1791.1881224496683,1791.1881224496683,True,1791.1881224496683,0.4477970306124171,0.04477970306124171
2020-06-12 10:45:00,4135001,147060.214284,14403.7178571,35066.910713,7808256.571,HmiyD2TTLFNqkNe,25.431754533333333,38.33857613333334,0.4420255493333332,10,12699.772311379704,1703.9455457202966,1703.9455457202966,True,1703.9455457202966,0.42598638643007414,0.04259863864300742
2020-06-12 11:00:00,4135001,133632.482143,13093.4642858,38301.660714,7808402.625,HmiyD2TTLFNqkNe,25.35791885714286,35.92258564285714,0.3929380471428571,11,11282.133338170584,1811.330947629416,1811.330947629416,True,1811.330947629416,0.452832736907354,0.0452832736907354
2020-06-12 11:15:00,4135001,182849.428571,17893.6839287,42079.75,7808576.286,HmiyD2TTLFNqkNe,25.700242133333333,36.99481373333333,0.5402542266666664,11,15300.809341988765,2592.874586711237,2592.874586711237,True,2592.874586711237,0.6482186466778093,0.06482186466778093
2020-06-12 11:30:00,4135001,218689.392862,21376.3910722,47235.732143,7808814.125,HmiyD2TTLFNqkNe,25.79386393333333,40.80645753333332,0.6753042113333334,11,19091.117508437223,2285.273563762777,2285.273563762777,True,2285.273563762777,0.5713183909406943,0.05713183909406943
2020-06-12 11:45:00,4135001,205136.732142,20064.9160715,52318.803571,7809037.286,HmiyD2TTLFNqkNe,26.294516866666665,43.60148279999999,0.6536209333333333,11,18606.552083094357,1458.3639884056463,1458.3639884056463,True,1458.3639884056463,0.3645909971014116,0.036459099710141156
2020-06-12 12:30:00,4135001,155824.892856,15259.9000001,66198.303571,7809648.286,HmiyD2TTLFNqkNe,27.073685666666663,42.09396553333334,0.4839689073333333,12,13960.61664328204,1299.2833568179612,1299.2833568179612,True,1299.2833568179612,0.3248208392044903,0.03248208392044903
2020-06-12 12:45:00,4135001,172727.124999,16907.9089285,70161.73214000001,7809829.375,HmiyD2TTLFNqkNe,27.122843333333336,40.93966879999999,0.544320384,12,15548.200125184643,1359.708803315356,1359.708803315356,True,1359.708803315356,0.339927200828839,0.0339927200828839
2020-06-12 13:15:00,4135001,172236.142856,16860.192857000002,78828.946428,7810217.25,HmiyD2TTLFNqkNe,27.47486573333333,42.54781693333334,0.5366972139999999,13,15398.339420184548,1461.8534368154542,1461.8534368154542,True,1461.8534368154542,0.3654633592038635,0.03654633592038636
2020-06-12 13:30:00,4135001,183226.339288,17931.0839285,83068.321428,7810409.571,HmiyD2TTLFNqkNe,27.546154666666663,42.22754713333333,0.576459514,13,16460.47475353746,1470.6091749625411,1470.6091749625411,True,1470.6091749625411,0.3676522937406353,0.036765229374063534
2020-06-12 13:45:00,4135001,210055.357143,20542.9392857,87886.178571,7810624.875,HmiyD2TTLFNqkNe,28.10111792857143,44.812733142857134,0.6685085735714286,13,19040.94797359885,1501.9913121011489,1501.9913121011489,True,1501.9913121011489,0.3754978280252872,0.03754978280252872
2020-06-13 10:00:00,4135001,196918.499991,19239.6124995,41910.910714,7814404.571,HmiyD2TTLFNqkNe,27.573553600000004,46.448215666666655,0.6152538133333332,10,17670.998453239834,1568.6140462601652,1568.6140462601652,True,1568.6140462601652,0.3921535115650413,0.03921535115650413
2020-06-13 10:45:00,4135001,239880.464278,23407.5696423,58490.125,7815167.5,HmiyD2TTLFNqkNe,28.62208571428572,50.49866800000001,0.7403816392857143,10,21197.225080604258,2210.344561695744,2210.344561695744,True,2210.344561695744,0.552586140423936,0.0552586140423936
2020-06-13 11:30:00,4135001,275000.37501,26818.498215,77353.69643,7815987.25,HmiyD2TTLFNqkNe,29.45011986666667,53.953094466666656,0.8554001073333332,11,24427.40726368477,2391.090951315229,2391.090951315229,True,2391.090951315229,0.5977727378288072,0.059777273782880724
2020-06-13 11:45:00,4135001,279940.482144,27300.3803574,83957.928571,7816278.0,HmiyD2TTLFNqkNe,29.6048524,54.930332333333325,1.0166871813333331,11,28821.0082550328,-1520.6278976327994,1520.6278976327994,True,1520.6278976327994,0.38015697440819984,0.038015697440819986
2020-06-13 12:15:00,4135001,239571.553563,23390.0464287,97272.017856,7816877.429,HmiyD2TTLFNqkNe,29.873128133333328,53.62572206666666,0.8893022273333333,12,25327.291309501696,-1937.244880801696,1937.244880801696,True,1937.244880801696,0.484311220200424,0.048431122020042405
2020-06-13 13:15:00,4135001,195601.357145,19115.5964287,120787.178571,7817961.571,HmiyD2TTLFNqkNe,27.568512066666667,40.19833379999999,0.6002171826666667,13,17026.89335610214,2088.7030725978584,2088.7030725978584,True,2088.7030725978584,0.5221757681494646,0.052217576814946466
2020-06-13 15:00:00,4135001,228325.982147,22317.8821413,157885.142857,7819615.375,HmiyD2TTLFNqkNe,27.583284533333337,47.94728993333333,0.7337197726666665,15,20918.40906540705,1399.4730758929509,1399.4730758929509,True,1399.4730758929509,0.3498682689732377,0.03498682689732377
2020-06-13 16:00:00,4135001,148466.089285,14540.5160715,175034.107143,7820388.571,HmiyD2TTLFNqkNe,27.66269933333333,40.34541599999999,0.4595029573333333,16,13224.139507508946,1316.3765639910544,1316.3765639910544,True,1316.3765639910544,0.3290941409977636,0.03290941409977636
2020-06-14 09:15:00,4135001,178531.553571,17473.3892856,22977.3035704,7821899.286,HmiyD2TTLFNqkNe,25.093788666666665,38.5421514,0.5664324566666666,9,16072.45615470686,1400.9331308931396,1400.9331308931396,True,1400.9331308931396,0.3502332827232849,0.03502332827232849
2020-06-14 09:30:00,4135001,176766.321429,17301.757142899998,27378.392857,7822100.5,HmiyD2TTLFNqkNe,25.808286599999995,41.24847206666666,0.5574083926666665,9,15925.566302620877,1376.1908402791232,1376.1908402791232,True,1376.1908402791232,0.3440477100697808,0.03440477100697808
2020-06-14 09:45:00,4135001,180728.482143,17687.067857000002,31665.339285,7822295.143,HmiyD2TTLFNqkNe,26.1179402,42.4683164,0.5722872473333334,9,16371.361682744882,1315.7061742551195,1315.7061742551195,True,1315.7061742551195,0.32892654356377987,0.03289265435637799
2020-06-14 10:00:00,4135001,186527.517857,18251.4624999,36285.339286,7822496.429,HmiyD2TTLFNqkNe,26.354372285714287,43.27517914285714,0.5856356821428572,10,16758.97444858419,1492.4880513158096,1492.4880513158096,True,1492.4880513158096,0.3731220128289524,0.037312201282895245
2020-06-14 10:15:00,4135001,170646.785715,16705.044643,40546.232143,7822689.875,HmiyD2TTLFNqkNe,26.09553013333333,40.98323173333333,0.5289236226666665,10,15142.719911296786,1562.3247317032146,1562.3247317032146,True,1562.3247317032146,0.3905811829258037,0.03905811829258037
2020-06-14 10:30:00,4135001,232813.392851,22742.3160715,45242.642857,7822904.286,HmiyD2TTLFNqkNe,26.36005846666667,38.9274884,0.7195252226666667,10,20215.140506753592,2527.175564746409,2527.175564746409,True,2527.175564746409,0.6317938911866022,0.06317938911866022
2020-06-14 13:45:00,4135001,236500.125,23086.444643,103225.660713,7825761.375,HmiyD2TTLFNqkNe,27.04890353333333,47.9602314,0.9066149006666668,13,25597.040236482386,-2510.595593482387,2510.595593482387,True,2510.595593482387,0.6276488983705967,0.06276488983705968
2020-06-14 14:00:00,4135001,286103.07143,27895.039285,109916.357143,7826097.857,HmiyD2TTLFNqkNe,27.848915600000005,59.386079333333335,1.2216518466666668,14,34528.22885542078,-6633.189570420778,6633.189570420778,True,6633.189570420778,1.6582973926051945,0.16582973926051947
2020-06-14 14:15:00,4135001,243677.69644,23782.435715,116473.946427,7826403.286,HmiyD2TTLFNqkNe,28.22232285714286,58.59664692857143,0.91048926,14,26089.200155580835,-2306.764440580835,2306.764440580835,True,2306.764440580835,0.5766911101452088,0.05766911101452088
2020-06-14 15:00:00,4135001,189159.660716,18501.017857,129205.964285,7826994.125,HmiyD2TTLFNqkNe,26.949993866666667,41.82487593333333,0.5869389626666666,15,16727.99320385912,1773.0246531408775,1773.0246531408775,True,1773.0246531408775,0.4432561632852194,0.044325616328521944
2020-06-15 10:30:00,4135001,214895.714286,20982.0946428,54872.517857,7830645.125,HmiyD2TTLFNqkNe,28.05028693333333,50.1047016,0.6801742386666666,10,19558.651799766787,1423.4428430332118,1423.4428430332118,True,1423.4428430332118,0.35586071075830294,0.0355860710758303
2020-06-15 11:00:00,4135001,226633.285714,22128.8303571,65440.089285,7831121.75,HmiyD2TTLFNqkNe,28.7853558,50.65149946666666,0.702748034,11,20183.33930879753,1945.4910483024687,1945.4910483024687,True,1945.4910483024687,0.4863727620756172,0.048637276207561725
2020-06-15 14:30:00,4135001,221139.767858,21599.617858,117019.714285,7833412.429,HmiyD2TTLFNqkNe,27.611472733333333,43.56778333333334,0.652056834,14,18550.780318111912,3048.837539888089,3048.837539888089,True,3048.837539888089,0.7622093849720223,0.07622093849720224
2020-06-15 15:00:00,4135001,141923.464284,13901.5357142,125313.303572,7833802.0,HmiyD2TTLFNqkNe,27.93405566666667,41.36491266666666,0.4233145246666666,15,12284.670340743014,1616.8653734569853,1616.8653734569853,True,1616.8653734569853,0.40421634336424633,0.040421634336424636
2020-06-16 10:15:00,4135001,229013.80358,22378.3375003,42166.446427,7836716.375,HmiyD2TTLFNqkNe,27.3343506,49.562795,0.7204248719999999,10,20629.74704592989,1748.5904543701145,1748.5904543701145,True,1748.5904543701145,0.4371476135925286,0.04371476135925287
2020-06-16 13:15:00,4135001,160651.946425,15730.2732144,89520.267857,7838864.143,HmiyD2TTLFNqkNe,27.832635533333328,41.04779260000001,0.5032727366666667,13,14437.625277314704,1292.6479370852976,1292.6479370852976,True,1292.6479370852976,0.3231619842713244,0.032316198427132445
2020-06-16 14:00:00,4135001,144565.285713,14158.8,101087.249999,7839383.375,HmiyD2TTLFNqkNe,28.79405306666667,43.01357606666667,0.430022742,14,12524.683377095991,1634.1166229040064,1634.1166229040064,True,1634.1166229040064,0.40852915572600157,0.04085291557260016
2020-06-16 15:30:00,4135001,142355.321429,13944.7107143,120805.214286,7840265.5,HmiyD2TTLFNqkNe,27.99871413333333,38.17277626666667,0.4274141633333333,15,12276.483795944408,1668.226918355591,1668.226918355591,True,1668.226918355591,0.4170567295888977,0.04170567295888977
2020-06-17 09:30:00,4135001,151664.999999,14852.6857142,21378.2857146,7841940.286,HmiyD2TTLFNqkNe,25.439449133333333,37.621647133333326,0.4660193226666666,9,13323.268795592963,1529.4169186070358,1529.4169186070358,True,1529.4169186070358,0.3823542296517589,0.038235422965175896
2020-06-17 10:15:00,4135001,147871.25,14483.8875,31407.375,7842391.375,HmiyD2TTLFNqkNe,25.957446399999995,38.814910666666655,0.4543548386666667,10,13047.94698946802,1435.940510531982,1435.940510531982,True,1435.940510531982,0.3589851276329955,0.03589851276329955
2020-06-17 11:00:00,4135001,148259.392858,14510.4696431,42046.285716,7842862.875,HmiyD2TTLFNqkNe,26.236733,37.096722333333325,0.4508577206666666,11,12886.3244639065,1624.1451791934978,1624.1451791934978,True,1624.1451791934978,0.40603629479837444,0.04060362947983745
2020-06-17 12:45:00,4135001,221577.017863,21655.719643,80138.107141,7844585.714,HmiyD2TTLFNqkNe,29.028007,47.83913766666667,0.7001748986666666,12,20006.205730150505,1649.5139128494957,1649.5139128494957,True,1649.5139128494957,0.41237847821237394,0.0412378478212374
2020-06-17 13:15:00,4135001,194384.142859,19014.0714284,88892.428573,7844989.286,HmiyD2TTLFNqkNe,28.496042933333328,42.57935760000001,0.6021715766666667,13,17163.47550384836,1850.5959245516387,1850.5959245516387,True,1850.5959245516387,0.4626489811379097,0.046264898113790975
2020-06-17 13:30:00,4135001,215289.75,21044.15,93824.875,7845228.25,HmiyD2TTLFNqkNe,28.954923333333333,44.68992900000001,0.6593983766666666,13,18785.88110271057,2258.268897289432,2258.268897289432,True,2258.268897289432,0.5645672243223581,0.05645672243223581
2020-06-17 14:45:00,4135001,172201.999998,16851.6714286,114408.285713,7846136.429,HmiyD2TTLFNqkNe,29.11126313333333,44.9506284,0.5350119733333333,14,15431.928853287976,1419.7425753120224,1419.7425753120224,True,1419.7425753120224,0.3549356438280056,0.03549356438280056
